age,semester,favorite_subject,programming_skill,career_interest,skills_text,target_career,career_demand,technical_score,communication_score,problem_solving_score,creativity_score,leadership_score
25,Graduate,Engineering,Advanced,DevOps Engineer,"Creativity, Cloud Security, Monitoring, Linux Bash, Infrastructure as Code, Problem Solving",DevOps Engineer,High Demand,92,67,86,60,69
27,8th Semester,Engineering,Intermediate,Mobile App Developer,"REST APIs, Kotlin, Mobile Architecture, Problem Solving, UI/UX, Swift",Mobile App Developer,Trending,93,72,84,76,60
28,7th Semester,Commerce,Intermediate,Entrepreneur,"Leadership, Time Management, Resilience, Risk Management",Entrepreneur,Emerging,76,98,88,88,86
21,8th Semester,Psychology,Intermediate,Lawyer,"Critical Thinking, Contract Drafting, Public Speaking, Constitutional Law, Legal Research, Teamwork, Problem Solving, Argumentation",Lawyer,Stable,81,93,92,79,77
28,7th Semester,Engineering,Advanced,DevOps Engineer,"Python, Creativity, Cloud Security, GitLab CI, Linux Bash, Infrastructure as Code, Kubernetes",DevOps Engineer,High Demand,99,69,82,57,58
24,8th Semester,Engineering,Intermediate,Biomedical Engineer,"Python, Materials Science, Signal Processing, Biology, Prosthetics, Biomechanics, Problem Solving",Biomedical Engineer,Trending,92,74,87,81,64
18,1st Semester,Computer Science,Intermediate,Business Analyst,"SQL, Tableau, Process Mapping, Data Analytics, Requirements Gathering",Business Analyst,High Demand,87,86,80,64,87
25,7th Semester,Engineering,Beginner,Mechanical Engineer,"Fluid Mechanics, Thermodynamics, Adaptability, Robotics, Problem Solving, SolidWorks",Mechanical Engineer,Stable,90,65,88,66,63
19,4th Semester,Engineering,Beginner,Aerospace Engineer,"CAD Modeling, Flight Simulation, Avionics, Propulsion Systems, Structural Analysis",Aerospace Engineer,Emerging,95,67,99,80,62
22,6th Semester,Computer Science,Advanced,Full-Stack Developer,"Python, Git, SQL, HTML/CSS, Express, Node.js",Full-Stack Developer,High Demand,91,63,84,72,69
20,4th Semester,Engineering,Intermediate,Cybersecurity Analyst,"Linux, Incident Response, Time Management, Adaptability, Network Security",Cybersecurity Analyst,High Demand,95,63,80,63,45
23,7th Semester,Biology,Intermediate,Pharmacist,"Patient Counseling, Attention to Detail, Dosage Calculation, Drug Interactions, Pharmacology, Adaptability, Quality Control",Pharmacist,Stable,88,67,82,53,68
18,1st Semester,Psychology,None,UI/UX Designer,"Prototyping, Design Systems, User Research, Problem Solving, Figma, Interaction Design",UI/UX Designer,High Demand,66,79,81,91,79
28,7th Semester,Animation,None,Animator,"Storyboarding, Texturing, 3D Modeling, After Effects",Animator,Emerging,76,67,86,99,68
18,1st Semester,Animation,Beginner,Animator,"Texturing, 3D Modeling, Blender, Storyboarding, After Effects",Animator,Emerging,84,70,82,91,59
18,10th,Computer Science,Intermediate,Civil Engineer,"Android Studio, Git, REST APIs, Mobile Architecture, UI/UX",Mobile App Developer,Trending,91,63,79,73,66
27,7th Semester,Engineering,Expert,DevOps Engineer,"Python, Cloud Security, GitLab CI, Docker, Linux Bash, Infrastructure as Code, Problem Solving",DevOps Engineer,High Demand,99,59,89,58,58
17,1st Semester,Engineering,Intermediate,Full-Stack Developer,"React, HTML/CSS, REST APIs",Full-Stack Developer,High Demand,96,64,90,74,61
23,8th Semester,Hospitality,None,Chef,"Creativity, Sensory Evaluation, Time Management, Menu Engineering",Chef,Trending,68,64,78,87,80
24,8th Semester,Computer Science,Intermediate,Business Analyst,"React, SQL, MongoDB, Teamwork, HTML/CSS, Express, Problem Solving",Full-Stack Developer,High Demand,95,70,82,67,61
20,Diploma,Data Science,Advanced,Data Scientist,"Pandas, SQL, Tableau, Time Management, Creativity",Data Scientist,High Demand,95,82,89,70,69
24,7th Semester,Computer Science,None,Entrepreneur,"Leadership, Teamwork, Growth Strategy, Pitching & Fundraising, Resilience",Entrepreneur,Emerging,67,91,83,87,94
19,3rd Semester,Business Studies,Beginner,Product Designer,"Figma, Iterative Design, Critical Thinking, Prototyping",Product Designer,High Demand,76,88,92,90,67
23,7th Semester,Computer Science,Intermediate,Mechanical Engineer,"Android Studio, Git, React Native, Flutter, UI/UX",Mobile App Developer,Trending,82,63,81,83,61
23,7th Semester,Mathematics,Intermediate,Software Developer,"Python, Adaptability, REST APIs, Creativity, C++, Object-Oriented Programming",Software Developer,High Demand,94,70,86,62,61
26,Postgraduate,Computer Science,Advanced,Robotics Engineer,"Python, ROS, Time Management, Teamwork, C++, Kinematics",Robotics Engineer,High Demand,99,67,93,76,69
22,Diploma,Biology,None,Teacher,"Lesson Planning, Communication, Student Evaluation, Creativity, Classroom Management, Empathy",Teacher,Stable,72,99,77,78,87
20,Diploma,Psychology,None,Lawyer,"Negotiation, Public Speaking, Time Management, Constitutional Law, Adaptability, Courtroom Advocacy",Lawyer,Stable,68,96,85,75,88
24,7th Semester,Engineering,Intermediate,DevOps Engineer,"Linux Bash, Jenkins, Monitoring, Kubernetes",DevOps Engineer,High Demand,96,70,82,61,74
24,Postgraduate,Mathematics,None,Financial Analyst,"Financial Statement Analysis, Ratio Analysis, Forecasting, Excel, Python for Finance, PowerBI",Financial Analyst,Trending,82,77,87,54,64
17,10th,Commerce,None,Digital Marketer,"Content Strategy, SEO, Google Analytics",Digital Marketer,High Demand,67,87,77,91,78
20,Diploma,Computer Science,Intermediate,Mobile App Developer,"Android Studio, REST APIs, Problem Solving, Flutter, Swift",Mobile App Developer,Trending,97,66,81,92,65
25,Postgraduate,Computer Science,Advanced,Research Scientist,"Neural Networks, Linear Algebra, Time Management, Algorithms, TensorFlow, Deep Learning, PyTorch",AI Engineer,High Demand,99,71,97,81,65
28,8th Semester,Engineering,Beginner,Biomedical Engineer,"Materials Science, Python, Creativity, CAD Design, Biomechanics, Prosthetics, Problem Solving",Biomedical Engineer,Trending,95,66,82,76,73
27,7th Semester,Engineering,Advanced,Cloud Engineer,"Networking, Critical Thinking, Time Management, Azure, System Architecture, Docker, CI/CD",Cloud Engineer,High Demand,99,60,87,63,52
21,Diploma,Chemistry,None,Doctor,"Medical Ethics, Anatomy, Critical Thinking, Emergency Response",Doctor,High Demand,86,85,91,47,77
27,Graduate,Medical Science,Beginner,Dentist,"Dental Anatomy, Empathy, Patient Communication",Dentist,Stable,81,81,82,71,74
24,Graduate,Biology,Beginner,Dentist,"Time Management, Manual Dexterity, Oral Surgery, Patient Communication, Dental Anatomy, Problem Solving, Empathy",Dentist,Stable,86,78,90,71,70
28,7th Semester,Engineering,Advanced,Mobile App Developer,"Android Studio, Git, React Native, Problem Solving, Flutter, Swift",Mobile App Developer,Trending,97,65,84,93,63
22,5th Semester,Computer Science,Beginner,Business Analyst,"Process Mapping, Agile/Scrum, Stakeholder Management, Data Analytics, Requirements Gathering",Business Analyst,High Demand,84,88,89,68,70
27,8th Semester,Chemistry,None,Pharmacist,"Patient Counseling, Communication, Dosage Calculation, Drug Interactions, Pharmacology, Problem Solving",Pharmacist,Stable,79,77,74,57,69
25,Postgraduate,Biology,Beginner,Chef,"Critical Thinking, Pharmacology, Medical Ethics, Emergency Response, Empathy",Doctor,High Demand,84,86,95,58,76
21,2nd Semester,Animation,Intermediate,Animator,"Storyboarding, Texturing, Critical Thinking, Blender",Animator,Emerging,87,59,81,94,57
23,Graduate,Design,None,UI/UX Designer,"Critical Thinking, Design Thinking, Usability Testing, Design Systems, Teamwork, Figma",UI/UX Designer,High Demand,72,81,72,93,71
24,Postgraduate,Business Studies,None,Digital Marketer,"Content Strategy, Social Media Marketing, SEM, PPC Advertising, SEO, Google Analytics",Digital Marketer,High Demand,67,91,75,82,73
25,8th Semester,Mathematics,Intermediate,Research Scientist,"Hypothesis Testing, Laboratory Techniques, Data Analysis, Statistics, Creativity",Research Scientist,Stable,95,72,93,71,64
20,3rd Semester,Education,Beginner,UI/UX Designer,"Time Management, Fact Checking, Video Journalism, Investigative Reporting, Media Ethics",Journalist,Stable,71,99,86,79,74
27,Graduate,Chemistry,None,Psychologist,"Patient Counseling, Attention to Detail, Dosage Calculation, Drug Interactions, Pharmacology, Teamwork, Organic Chemistry, Problem Solving",Pharmacist,Stable,78,68,73,60,66
21,2nd Semester,Computer Science,Intermediate,Cybersecurity Analyst,"Python, Incident Response, Critical Thinking, Penetration Testing, Firewalls, Ethical Hacking, Wireshark, Problem Solving",Cybersecurity Analyst,High Demand,94,74,84,64,58
25,Graduate,Artificial Intelligence,Intermediate,AI Engineer,"Neural Networks, Algorithms, Calculus, TensorFlow, Deep Learning, Machine Learning",AI Engineer,High Demand,98,68,93,78,62
28,Postgraduate,Computer Science,Intermediate,Cloud Engineer,"Networking, Critical Thinking, Terraform, Azure, Docker",Cloud Engineer,High Demand,96,66,89,61,56
27,Graduate,Economics,None,IAS Officer,"Critical Thinking, Decision Making, General Studies, Crisis Management, Policy Formulation, Public Administration, Problem Solving",IAS Officer,Stable,78,88,91,57,92
26,Graduate,Design,Beginner,Graphic Designer,"Visual Identity, Layout Design, Time Management, Illustrator, Creativity, Problem Solving",Graphic Designer,Trending,79,81,72,99,62
27,Graduate,Engineering,Beginner,Aerospace Engineer,"Aerodynamics, CAD Modeling, Flight Simulation, Avionics, Propulsion Systems, Structural Analysis",Aerospace Engineer,Emerging,95,73,91,65,75
26,8th Semester,Artificial Intelligence,Intermediate,Robotics Engineer,"Sensors & Actuators, Python, Computer Vision, ROS, Adaptability, Teamwork, C++, Control Systems",Robotics Engineer,High Demand,95,61,91,77,74
19,7th Semester,Chemistry,None,Teacher,"Patient Counseling, Communication, Attention to Detail, Dosage Calculation, Drug Interactions, Organic Chemistry, Creativity, Quality Control",Pharmacist,Stable,75,76,87,65,67
23,Postgraduate,Engineering,Beginner,Biomedical Engineer,"Python, Materials Science, Signal Processing, Biology, Biomechanics, Prosthetics",Biomedical Engineer,Trending,83,69,89,75,62
26,7th Semester,Economics,Intermediate,IAS Officer,"Creativity, Governance, General Studies, Time Management, Policy Formulation, Public Administration, Public Communication",IAS Officer,Stable,77,99,88,72,88
17,10th,Finance,Intermediate,Investment Banker,"Excel Mastery, Taxation, Financial Reporting, Attention to Detail, Time Management",Chartered Accountant,Stable,91,75,92,55,75
27,Graduate,Engineering,Advanced,DevOps Engineer,"Python, Jenkins, GitLab CI, Docker, Linux Bash, Infrastructure as Code, Problem Solving",DevOps Engineer,High Demand,99,65,85,67,72
19,3rd Semester,Chemistry,None,Doctor,"Time Management, Child Psychology, Lesson Planning, Empathy",Teacher,Stable,74,91,87,79,81
18,12th,Computer Science,Intermediate,Entrepreneur,"Leadership, Business Model Generation, Risk Management, Sales & Marketing, Growth Strategy, Resilience",Entrepreneur,Emerging,81,92,91,87,89
19,2nd Semester,Business Studies,Beginner,AI Engineer,"Communication, Tableau, Process Mapping, Agile/Scrum, Adaptability, Requirements Gathering",Business Analyst,High Demand,77,90,83,67,73
26,Postgraduate,Chemistry,None,Chef,"Sensory Evaluation, Time Management, Culinary Techniques, Food Safety, Menu Engineering, Creativity",Chef,Trending,80,76,78,99,76
25,7th Semester,Business Studies,Beginner,Product Manager,"Roadmap Planning, Agile, Leadership, Product Vision, Market Strategy",Product Manager,Trending,78,96,94,79,89
23,Graduate,Computer Science,Intermediate,Business Analyst,"Business Strategy, Tableau, Communication, Time Management, Process Mapping, Stakeholder Management, Data Analytics",Business Analyst,High Demand,84,81,93,72,68
17,1st Semester,Engineering,Beginner,Software Developer,"Python, Algorithms, REST APIs",Software Developer,High Demand,81,67,96,64,60
17,1st Semester,Data Science,Intermediate,Data Scientist,"Python, Critical Thinking, Tableau, Analytical Thinking, Statistics, Creativity, Machine Learning",Data Scientist,High Demand,98,77,93,75,62
18,1st Semester,Cybersecurity,Advanced,Cybersecurity Analyst,"Python, Linux, Incident Response, Communication, Network Security, Ethical Hacking, Cryptography",Cybersecurity Analyst,High Demand,99,60,91,63,65
28,Graduate,Physics,Beginner,Professor,"Public Speaking, Time Management, Pedagogy, Mentorship",Professor,Stable,90,92,88,76,79
28,8th Semester,Medical Science,None,Psychologist,"Critical Thinking, Emergency Response, Physiology, Teamwork, Clinical Diagnosis",Doctor,High Demand,81,88,91,61,88
20,7th Semester,Engineering,Advanced,Cloud Engineer,"Python, Linux, Azure, System Architecture, CI/CD",Cloud Engineer,High Demand,97,61,85,63,60
27,Graduate,Medical Science,Beginner,Teacher,"Hygiene Standards, Manual Dexterity, Oral Surgery, Patient Communication, Diagnostics, Empathy",Dentist,Stable,90,85,92,82,73
20,6th Semester,Computer Science,Expert,Data Scientist,"Python, Pandas, SQL, Scikit-Learn, Adaptability, Statistics, Teamwork, Machine Learning",Data Scientist,High Demand,97,75,98,67,69
28,Graduate,Physics,Beginner,Aerospace Engineer,"Avionics, Aerodynamics, CAD Modeling",Aerospace Engineer,Emerging,92,68,95,76,66
23,7th Semester,Physics,Advanced,Civil Engineer,"Time Management, Project Planning, Surveying, Geotechnical Engineering, Problem Solving, Structural Analysis",Civil Engineer,Stable,93,69,83,61,81
22,8th Semester,Mathematics,Beginner,Full-Stack Developer,"Time Management, Site Inspection, Construction Management, Structural Analysis",Civil Engineer,Stable,84,71,90,71,67
20,8th Semester,Animation,None,Animator,"Character Animation, Texturing, 3D Modeling, Maya, Teamwork, Creativity",Animator,Emerging,79,74,75,99,71
21,4th Semester,Biology,Beginner,Doctor,"Critical Thinking, Pharmacology, Adaptability, Medical Ethics, Physiology, Empathy",Doctor,High Demand,85,91,93,66,74
28,Postgraduate,Psychology,Beginner,Lawyer,"Negotiation, Critical Thinking, Constitutional Law, Public Speaking, Argumentation",Lawyer,Stable,72,98,98,78,81
21,6th Semester,Computer Science,None,Entrepreneur,"Communication, Leadership, Business Model Generation, Risk Management",Entrepreneur,Emerging,74,96,86,87,95
25,Postgraduate,Engineering,Intermediate,Electrical Engineer,"Signal Processing, Critical Thinking, Embedded Systems, Microcontrollers, Power Systems",Electrical Engineer,High Demand,95,70,89,76,78
25,Graduate,Commerce,None,Digital Marketer,"Content Strategy, Copywriting, Social Media Marketing, Google Analytics",Digital Marketer,High Demand,78,86,76,90,82
28,Graduate,Cybersecurity,Expert,Cybersecurity Analyst,"Python, Linux, Firewalls, Network Security, Cryptography",Cybersecurity Analyst,High Demand,99,72,91,68,70
20,2nd Semester,Biology,None,Dentist,"Hygiene Standards, Critical Thinking, Time Management, Manual Dexterity, Oral Surgery, Dental Anatomy, Diagnostics",Dentist,Stable,73,80,92,62,68
22,3rd Semester,Engineering,Intermediate,Mobile App Developer,"Flutter, Git, Swift",Mobile App Developer,Trending,92,70,82,78,70
23,Postgraduate,Computer Science,Beginner,Software Developer,"Python, Git, Java, Problem Solving, C++, Object-Oriented Programming",Software Developer,High Demand,85,67,90,68,53
24,8th Semester,Computer Science,Advanced,Cloud Engineer,"Networking, Critical Thinking, Terraform, Docker, Problem Solving",Cloud Engineer,High Demand,99,61,81,61,50
19,Diploma,Engineering,Beginner,Biomedical Engineer,"Signal Processing, Biology, Biomechanics, Teamwork, Creativity",Biomedical Engineer,Trending,81,65,81,72,80
22,6th Semester,Mathematics,Intermediate,Investment Banker,"Excel, Valuation, Market Research, Financial Modeling, M&A Analysis",Investment Banker,High Demand,92,78,95,69,95
21,3rd Semester,Psychology,None,UI/UX Designer,"Design Thinking, Adaptability, User Research, Problem Solving, Prototyping, Interaction Design",UI/UX Designer,High Demand,75,96,84,94,74
26,Postgraduate,Physics,Advanced,Pilot,"Communication, Aircraft Systems, Problem Solving, Emergency Procedures, Radio Communication",Pilot,Trending,99,87,97,57,87
17,1st Semester,Mathematics,Intermediate,Astrophysicist,"Cosmology, Astronomical Observation, Astrophysics, Numerical Simulation, Data Modeling",Astrophysicist,Emerging,96,73,88,72,63
23,7th Semester,Biology,Intermediate,Dentist,"Hygiene Standards, Manual Dexterity, Teamwork, Patient Communication, Dental Anatomy, Problem Solving, Diagnostics, Empathy",Dentist,Stable,97,90,88,68,72
22,8th Semester,Computer Science,Advanced,Mobile App Developer,"Flutter, Git, REST APIs",Mobile App Developer,Trending,83,64,81,75,65
23,7th Semester,Physics,Intermediate,Astrophysicist,"Astronomical Observation, Astrophysics, Quantum Mechanics, Calculus, Data Modeling",Astrophysicist,Emerging,96,70,95,78,74
24,Graduate,Law,Beginner,Lawyer,"Negotiation, Constitutional Law, Critical Thinking",Lawyer,Stable,73,99,90,72,91
22,6th Semester,Education,Beginner,Pilot,"Public Speaking, Mentorship, Pedagogy, Academic Lecturing",Professor,Stable,81,95,88,78,82
28,Graduate,Chemistry,None,Pharmacist,"Patient Counseling, Communication, Drug Interactions, Organic Chemistry, Problem Solving",Pharmacist,Stable,83,62,81,64,67
18,10th,Mathematics,Intermediate,Financial Analyst,"Hypothesis Testing, Laboratory Techniques, Data Analysis, Critical Analysis, Scientific Research",Research Scientist,Stable,93,78,90,78,78
17,12th,Mathematics,None,Professor,"Creativity, Scientific Publication, Pedagogy, Curriculum Development",Professor,Stable,79,88,89,78,78
26,8th Semester,Engineering,Advanced,UI/UX Designer,"Python, Linux, Firewalls, Network Security, Ethical Hacking, Creativity",Cybersecurity Analyst,High Demand,99,71,90,64,61
26,8th Semester,Engineering,None,Product Designer,"User Empathy, Time Management, Customer Research, Product Strategy, Iterative Design, Prototyping",Product Designer,High Demand,76,87,78,94,73
17,1st Semester,Mathematics,None,Mechanical Engineer,"Research Methodology, Mentorship, Public Speaking, Scientific Publication, Pedagogy, Curriculum Development",Professor,Stable,78,94,91,67,79
27,Graduate,Medical Science,None,Doctor,"Critical Thinking, Pharmacology, Physiology, Emergency Response, Anatomy, Empathy",Doctor,High Demand,83,90,90,59,75
19,2nd Semester,Mathematics,None,Pilot,"High Focus, Aircraft Systems, Spatial Awareness, Meteorology, Emergency Procedures, Radio Communication",Pilot,Trending,76,88,93,50,80
25,Postgraduate,Computer Science,Intermediate,Cybersecurity Analyst,"Git, JavaScript, Time Management, REST APIs, Creativity, Express",Full-Stack Developer,High Demand,98,68,80,89,60
19,6th Semester,Economics,Advanced,Chartered Accountant,"Financial Reporting, Attention to Detail, Corporate Law, Financial Accounting, Creativity, Auditing",Chartered Accountant,Stable,98,76,95,61,78
18,12th,Computer Science,Intermediate,Product Manager,"Cross-Functional Coordination, Agile, Communication, Roadmap Planning",Product Manager,Trending,88,79,87,84,90
20,5th Semester,Computer Science,Beginner,Professor,"Critical Thinking, Mentorship, Academic Lecturing, Public Speaking, Time Management, Curriculum Development",Professor,Stable,87,96,85,81,86
21,Diploma,Computer Science,Expert,DevOps Engineer,"Python, Monitoring, Docker",DevOps Engineer,High Demand,99,62,85,59,64
20,Diploma,Computer Science,Beginner,UI/UX Designer,"User Research, Usability Testing, Visual Hierarchy, Communication",UI/UX Designer,High Demand,81,83,79,87,72
18,10th,Design,Advanced,UI/UX Designer,"Prototyping, Design Thinking, Communication, Visual Hierarchy, Figma, Interaction Design",UI/UX Designer,High Demand,85,81,80,92,63
21,3rd Semester,Law,None,Journalist,"Storytelling, Investigative Reporting, Interviewing",Journalist,Stable,66,94,85,85,71
18,1st Semester,Engineering,Intermediate,Biomedical Engineer,"Materials Science, Python, CAD Design, Biology, Biomechanics",Biomedical Engineer,Trending,99,68,86,66,71
22,Diploma,Computer Science,Intermediate,Cybersecurity Analyst,"Linux, Communication, Firewalls, Adaptability, Network Security, Wireshark, Cryptography",Cybersecurity Analyst,High Demand,92,66,86,59,52
25,Graduate,Biology,Intermediate,Pharmacist,"Patient Counseling, Drug Interactions, Pharmacology, Adaptability, Organic Chemistry, Quality Control",Pharmacist,Stable,87,74,78,62,60
21,4th Semester,Engineering,Advanced,Mobile App Developer,"Android Studio, Git, REST APIs, UI/UX, Swift",Mobile App Developer,Trending,97,67,87,85,64
23,Postgraduate,Business Studies,Intermediate,Graphic Designer,"Iterative Design, Customer Research, Figma, Industrial Design, Prototyping",Product Designer,High Demand,84,80,83,88,76
28,7th Semester,Design,None,Product Designer,"User Empathy, Communication, Customer Research, Product Strategy, Problem Solving, Iterative Design",Product Designer,High Demand,80,90,87,99,68
24,8th Semester,Physics,Intermediate,Astrophysicist,"Cosmology, Python, Critical Thinking, Quantum Mechanics, Calculus, Teamwork, Numerical Simulation, Data Modeling",Astrophysicist,Emerging,98,58,94,80,68
23,7th Semester,Mathematics,Beginner,Astrophysicist,"Cosmology, Python, Time Management, Quantum Mechanics, Calculus, Teamwork, Numerical Simulation, Astrophysics",Astrophysicist,Emerging,85,67,86,71,67
28,7th Semester,Engineering,Intermediate,DevOps Engineer,"Python, Cloud Security, Monitoring, Docker, Linux Bash, Kubernetes",DevOps Engineer,High Demand,94,72,84,56,55
26,8th Semester,Business Studies,None,Product Designer,"User Empathy, Critical Thinking, Time Management, Customer Research, Iterative Design",Product Designer,High Demand,73,78,83,86,80
27,7th Semester,Psychology,None,Lawyer,"Critical Thinking, Communication, Public Speaking, Constitutional Law, Legal Research, Creativity, Courtroom Advocacy",Lawyer,Stable,69,93,96,63,81
25,8th Semester,Commerce,None,Financial Analyst,"Financial Statement Analysis, Forecasting, Critical Thinking, Python for Finance, Market Research, PowerBI",Financial Analyst,Trending,73,74,89,63,66
19,2nd Semester,Engineering,Advanced,Electrical Engineer,"Embedded Systems, MATLAB, Circuit Design",Electrical Engineer,High Demand,96,64,87,74,65
22,6th Semester,Psychology,None,UI/UX Designer,"Negotiation, Critical Thinking, Contract Drafting, Public Speaking, Legal Research",Lawyer,Stable,72,99,90,71,78
24,7th Semester,Medical Science,None,Doctor,"Pharmacology, Medical Ethics, Patient Care, Anatomy, Clinical Diagnosis",Doctor,High Demand,84,95,88,61,71
24,Postgraduate,Physics,Intermediate,Product Designer,"Python, ROS, Adaptability, C++, Kinematics",Robotics Engineer,High Demand,98,72,88,84,70
17,12th,Computer Science,Beginner,Product Manager,"Metrics & KPIs, Leadership, Product Vision, User Research",Product Manager,Trending,77,99,93,74,99
25,Postgraduate,Engineering,Intermediate,Biomedical Engineer,"Python, Materials Science, CAD Design, Creativity",Biomedical Engineer,Trending,91,78,82,86,71
27,8th Semester,Mathematics,None,Professor,"Scientific Publication, Pedagogy, Curriculum Development",Professor,Stable,79,85,81,82,90
26,7th Semester,Commerce,None,Chartered Accountant,"Attention to Detail, Corporate Law, Excel Mastery, Financial Accounting",Chartered Accountant,Stable,86,89,96,51,78
21,8th Semester,Commerce,Beginner,Investment Banker,"Capital Markets, Critical Thinking, Adaptability, Financial Modeling, M&A Analysis",Investment Banker,High Demand,94,85,88,63,76
28,Postgraduate,Animation,Beginner,Graphic Designer,"Layout Design, Visual Identity, Creativity, Color Theory",Graphic Designer,Trending,80,76,72,94,57
25,7th Semester,Computer Science,Intermediate,Cybersecurity Analyst,"Python, Neural Networks, Linear Algebra, Algorithms, Teamwork",AI Engineer,High Demand,99,74,86,89,61
21,7th Semester,Physics,None,Civil Engineer,"Communication, Site Inspection, Project Planning, Creativity, Geotechnical Engineering",Civil Engineer,Stable,87,75,91,70,86
28,Postgraduate,Education,None,Professor,"Research Methodology, Mentorship, Academic Lecturing, Scientific Publication, Time Management, Adaptability, Pedagogy, Curriculum Development",Professor,Stable,83,88,93,76,82
27,8th Semester,Computer Science,Advanced,DevOps Engineer,"Python, Jenkins, Time Management, Monitoring, Linux Bash, Infrastructure as Code, Kubernetes",DevOps Engineer,High Demand,98,67,87,60,61
25,8th Semester,Law,Beginner,IAS Officer,"Decision Making, Communication, General Studies, Leadership, Policy Formulation",IAS Officer,Stable,78,97,96,69,94
28,Graduate,Physics,Beginner,Dentist,"Hypothesis Testing, Academic Writing, Data Analysis, Critical Analysis, Statistics, Teamwork, Scientific Research",Research Scientist,Stable,90,76,92,73,63
27,Postgraduate,Economics,Intermediate,Product Manager,"Agile, Adaptability, Metrics & KPIs, Leadership, Product Vision, User Research, Creativity, Market Strategy",Product Manager,Trending,87,86,88,69,90
24,7th Semester,Computer Science,Beginner,Mobile App Developer,"Android Studio, Git, Time Management, REST APIs, Kotlin, Mobile Architecture, Flutter",Mobile App Developer,Trending,86,67,86,74,64
27,Graduate,Psychology,None,Lawyer,"Negotiation, Critical Thinking, Public Speaking, Legal Research, Courtroom Advocacy, Argumentation",Lawyer,Stable,69,99,86,76,91
22,6th Semester,Mathematics,Intermediate,Teacher,"Lesson Planning, Communication, Adaptability, Patience, Child Psychology, Student Evaluation, Creativity, Classroom Management",Teacher,Stable,81,86,82,80,74
17,12th,Economics,Intermediate,Chartered Accountant,"Excel Mastery, Financial Analysis, Attention to Detail, Adaptability, Corporate Law, Financial Accounting, Creativity",Chartered Accountant,Stable,90,74,93,56,66
19,3rd Semester,Engineering,Intermediate,Entrepreneur,"Sensors & Actuators, Python, ROS, Adaptability, Problem Solving, Mechatronics, C++, Kinematics",Robotics Engineer,High Demand,90,68,87,77,71
24,Postgraduate,Computer Science,Expert,Cloud Engineer,"Communication, AWS, Terraform, Docker, System Architecture, CI/CD",Cloud Engineer,High Demand,99,70,93,65,69
19,Diploma,Biology,None,Teacher,"Time Management, Mental Health Assessment, Research Methods, Ethics, Counseling, Cognitive Behavioral Therapy, Teamwork, Empathy",Psychologist,High Demand,71,89,80,79,80
27,7th Semester,Physics,Beginner,Pilot,"High Focus, Aircraft Systems, Time Management, Creativity, Emergency Procedures",Pilot,Trending,95,79,91,60,87
18,1st Semester,Computer Science,Beginner,Software Developer,"Python, REST APIs, Algorithms, Problem Solving, Object-Oriented Programming",Software Developer,High Demand,88,70,87,69,61
21,6th Semester,Mathematics,None,Research Scientist,"Hypothesis Testing, Statistics, Data Analysis",Research Scientist,Stable,89,74,94,87,66
25,8th Semester,Mathematics,Advanced,AI Engineer,"Python, Critical Thinking, NLP, Calculus, Problem Solving, Deep Learning, PyTorch, Machine Learning",AI Engineer,High Demand,99,71,88,84,73
26,Postgraduate,Economics,None,Chartered Accountant,"Attention to Detail, Corporate Law, Financial Analysis",Chartered Accountant,Stable,88,69,88,63,62
19,4th Semester,Physics,Beginner,Teacher,"Classroom Management, Child Psychology, Communication, Empathy",Teacher,Stable,72,99,84,72,84
25,Graduate,Engineering,Beginner,Data Scientist,"Signal Processing, Critical Thinking, Circuit Design, MATLAB, Embedded Systems, Microcontrollers, Power Systems",Electrical Engineer,High Demand,88,50,91,70,73
19,6th Semester,Mathematics,Expert,Data Scientist,"Python, Tableau, Analytical Thinking, Statistics, R, Teamwork, Machine Learning",Data Scientist,High Demand,99,73,88,66,57
25,8th Semester,Economics,None,Entrepreneur,"Resilience, Leadership, Business Model Generation",Entrepreneur,Emerging,80,98,94,93,96
24,8th Semester,Engineering,Advanced,Product Manager,"User Empathy, Iterative Design, Adaptability, Figma",Product Designer,High Demand,89,82,78,95,73
20,5th Semester,Physics,Advanced,Electrical Engineer,"Communication, Circuit Design, MATLAB, Teamwork, Embedded Systems",Electrical Engineer,High Demand,97,69,82,73,83
27,Graduate,Chemistry,None,Pharmacist,"Patient Counseling, Critical Thinking, Attention to Detail, Dosage Calculation, Drug Interactions, Pharmacology, Quality Control",Pharmacist,Stable,80,80,77,54,63
17,10th,Engineering,Advanced,Robotics Engineer,"SQL, JavaScript, MongoDB, Express, Node.js",Full-Stack Developer,High Demand,97,70,83,74,60
23,Postgraduate,Mathematics,None,Electrical Engineer,"Signal Processing, Critical Thinking, Creativity, Microcontrollers, Power Systems",Electrical Engineer,High Demand,82,67,90,78,65
19,7th Semester,Biology,Advanced,Biomedical Engineer,"Materials Science, Communication, Medical Devices, Biomechanics, Problem Solving",Biomedical Engineer,Trending,99,70,96,77,66
19,3rd Semester,Computer Science,Beginner,UI/UX Designer,"Time Management, Design Systems, Prototyping, Interaction Design",UI/UX Designer,High Demand,85,76,78,98,65
22,7th Semester,Design,None,UI/UX Designer,"Usability Testing, Design Systems, User Research, Figma",UI/UX Designer,High Demand,71,82,78,91,72
23,Graduate,Commerce,None,Financial Analyst,"Financial Statement Analysis, Forecasting, Time Management, Python for Finance, Teamwork",Financial Analyst,Trending,83,77,93,55,61
22,Diploma,Mathematics,None,Civil Engineer,"Project Planning, Geotechnical Engineering, AutoCAD",Civil Engineer,Stable,82,83,94,55,78
18,1st Semester,Engineering,Expert,Robotics Engineer,"Time Management, Mechatronics, Control Systems, ROS",Robotics Engineer,High Demand,99,62,88,90,78
21,3rd Semester,Engineering,Intermediate,Aerospace Engineer,"Problem Solving, Avionics, Propulsion Systems, Structural Analysis",Aerospace Engineer,Emerging,89,64,93,72,74
19,2nd Semester,Physics,Intermediate,Aerospace Engineer,"Aerodynamics, CAD Modeling, Flight Simulation, Teamwork, Avionics",Aerospace Engineer,Emerging,97,66,96,72,72
19,2nd Semester,Mathematics,Beginner,Astrophysicist,"Astrophysics, Time Management, Quantum Mechanics, Creativity, Data Modeling",Astrophysicist,Emerging,94,74,99,75,79
24,Graduate,Engineering,Advanced,DevOps Engineer,"Teamwork, Infrastructure as Code, Monitoring, Kubernetes",DevOps Engineer,High Demand,99,69,89,57,72
17,12th,Mathematics,Beginner,Pilot,"High Focus, Aircraft Systems, Spatial Awareness, Emergency Procedures, Flight Navigation",Pilot,Trending,88,82,91,53,83
26,7th Semester,Education,None,Teacher,"Patience, Classroom Management, Communication, Student Evaluation",Teacher,Stable,73,97,75,85,78
28,8th Semester,Design,Beginner,Mobile App Developer,"Character Animation, Adaptability, 3D Modeling, Maya, Storyboarding, After Effects",Animator,Emerging,79,62,63,99,58
27,Graduate,Psychology,Beginner,Lawyer,"Legal Research, Contract Drafting, Negotiation",Lawyer,Stable,73,97,95,68,83
24,8th Semester,Computer Science,Beginner,Product Manager,"Leadership, Product Vision, User Research, Agile",Product Manager,Trending,80,94,86,80,91
28,Graduate,Physics,Beginner,Biomedical Engineer,"Python, Materials Science, Signal Processing, Communication, Time Management, Medical Devices, Biology, Biomechanics",Biomedical Engineer,Trending,86,69,87,84,57
19,8th Semester,Physics,Beginner,Aerospace Engineer,"Aerodynamics, MATLAB, CAD Modeling, Propulsion Systems, Structural Analysis",Aerospace Engineer,Emerging,97,73,91,74,59
23,7th Semester,Engineering,Intermediate,Software Developer,"Python, Data Structures, Object-Oriented Programming",Software Developer,High Demand,92,58,91,67,55
19,5th Semester,Law,None,Journalist,"Communication, News Writing, Fact Checking, Video Journalism, Investigative Reporting, Media Ethics, Interviewing",Journalist,Stable,64,96,81,77,72
19,8th Semester,Computer Science,Intermediate,AI Engineer,"Communication, NLP, Problem Solving, PyTorch, Machine Learning",AI Engineer,High Demand,99,78,85,83,72
25,7th Semester,Computer Science,None,UI/UX Designer,"Research Methodology, Critical Thinking, Academic Lecturing, Communication, Scientific Publication, Pedagogy, Curriculum Development",Professor,Stable,82,99,90,80,82
24,Graduate,Design,Beginner,UI/UX Designer,"Layout Design, Branding, Illustrator, Typography",Graphic Designer,Trending,73,85,78,95,59
28,7th Semester,Engineering,Intermediate,Electrical Engineer,"Signal Processing, Communication, Circuit Design, MATLAB, Embedded Systems, Microcontrollers, Power Systems",Electrical Engineer,High Demand,90,74,84,74,72
27,Postgraduate,Chemistry,None,Teacher,"Critical Thinking, Lesson Planning, Communication, Patience, Student Evaluation, Problem Solving, Empathy",Teacher,Stable,74,99,80,82,79
21,5th Semester,Design,Beginner,Product Designer,"User Empathy, Prototyping, Critical Thinking, Industrial Design, Customer Research, Teamwork, Iterative Design, Figma",Product Designer,High Demand,78,89,83,88,68
25,Graduate,Biology,Intermediate,Dentist,"Communication, Teamwork, Oral Surgery, Dental Anatomy, Diagnostics",Dentist,Stable,92,94,90,74,71
17,12th,Biology,Beginner,Dentist,"Manual Dexterity, Oral Surgery, Patient Communication, Dental Anatomy, Empathy",Dentist,Stable,77,78,88,73,68
27,8th Semester,Physics,Beginner,Aerospace Engineer,"Aerodynamics, Flight Simulation, Communication, CAD Modeling",Aerospace Engineer,Emerging,94,70,88,77,77
28,Graduate,Physics,Beginner,Electrical Engineer,"Communication, Circuit Design, MATLAB, PCB Design, Microcontrollers, Power Systems",Electrical Engineer,High Demand,91,74,82,72,71
21,4th Semester,Design,Intermediate,Graphic Designer,"Layout Design, Visual Identity, Branding, Critical Thinking",Graphic Designer,Trending,80,78,75,92,70
25,8th Semester,Animation,Advanced,Graphic Designer,"Photoshop, Layout Design, Time Management, Illustrator, Typography, Creativity",Graphic Designer,Trending,85,65,77,95,67
26,Graduate,Law,Beginner,Journalist,"Critical Thinking, News Writing, Time Management, Video Journalism, Investigative Reporting, Media Ethics",Journalist,Stable,72,99,86,84,77
25,7th Semester,Chemistry,Intermediate,Teacher,"Lesson Planning, Communication, Adaptability, Patience, Child Psychology, Student Evaluation, Teamwork, Classroom Management",Teacher,Stable,76,93,73,77,70
26,8th Semester,Physics,Beginner,Electrical Engineer,"Circuit Design, Critical Thinking, Microcontrollers, PCB Design",Electrical Engineer,High Demand,82,73,92,69,77
24,7th Semester,Computer Science,Advanced,Cybersecurity Analyst,"Incident Response, Penetration Testing, Firewalls, Network Security, Teamwork",Cybersecurity Analyst,High Demand,95,65,88,66,59
24,Postgraduate,Law,Beginner,Lawyer,"Negotiation, Critical Thinking, Public Speaking, Problem Solving, Courtroom Advocacy, Argumentation",Lawyer,Stable,68,99,92,70,87
22,7th Semester,Business Studies,None,Digital Marketer,"Content Strategy, Copywriting, PPC Advertising, SEO, Google Analytics",Digital Marketer,High Demand,71,86,81,83,71
26,Graduate,Computer Science,Expert,Cybersecurity Analyst,"Python, Linux, Firewalls, Ethical Hacking, Wireshark",Cybersecurity Analyst,High Demand,99,62,83,70,65
20,6th Semester,Physics,None,Teacher,"Lesson Planning, Communication, Child Psychology, Classroom Management, Empathy",Teacher,Stable,64,96,78,82,85
19,Diploma,Physics,Beginner,Research Scientist,"Hypothesis Testing, Python, Academic Writing, Laboratory Techniques, Data Analysis, Scientific Research",Research Scientist,Stable,89,69,87,76,63
19,4th Semester,Design,None,Product Designer,"User Empathy, Customer Research, Product Strategy, Industrial Design, Prototyping",Product Designer,High Demand,76,81,77,92,87
28,8th Semester,Animation,None,Graphic Designer,"Creativity, Photoshop, Color Theory",Graphic Designer,Trending,64,78,68,93,59
22,2nd Semester,Physics,Advanced,Electrical Engineer,"Signal Processing, Circuit Design, Adaptability, Embedded Systems, Microcontrollers, Power Systems",Electrical Engineer,High Demand,98,66,95,69,64
28,Graduate,Chemistry,None,Chef,"Sensory Evaluation, Culinary Techniques, Adaptability, Kitchen Leadership, Food Safety, Creativity, Problem Solving",Chef,Trending,71,78,84,92,73
25,7th Semester,Mathematics,Intermediate,Astrophysicist,"Astronomical Observation, Adaptability, Quantum Mechanics, Creativity, Data Modeling",Astrophysicist,Emerging,93,68,99,77,63
20,2nd Semester,Computer Science,Beginner,Business Analyst,"Communication, Business Strategy, Agile/Scrum, Stakeholder Management, Requirements Gathering",Business Analyst,High Demand,85,85,88,65,76
20,2nd Semester,Engineering,None,Mechanical Engineer,"AutoCAD, Fluid Mechanics, Thermodynamics, Manufacturing, Adaptability, Creativity, SolidWorks",Mechanical Engineer,Stable,76,71,85,75,66
25,7th Semester,Finance,None,Financial Analyst,"Financial Statement Analysis, Communication, Time Management, Excel, Python for Finance",Financial Analyst,Trending,86,75,91,58,69
18,12th,Law,None,Lawyer,"Contract Drafting, Constitutional Law, Critical Thinking",Lawyer,Stable,71,91,88,68,91
21,7th Semester,Physics,Beginner,Research Scientist,"Python, Academic Writing, Laboratory Techniques, Data Analysis, Statistics",Research Scientist,Stable,97,67,96,76,69
21,5th Semester,Chemistry,Beginner,Teacher,"Patience, Child Psychology, Communication, Empathy",Teacher,Stable,73,91,81,80,83
28,Graduate,Computer Science,Beginner,Software Developer,"Git, Data Structures, Debugging, Java, Creativity, C++",Software Developer,High Demand,81,64,80,64,61
20,5th Semester,Biology,Beginner,Dentist,"Hygiene Standards, Manual Dexterity, Oral Surgery, Patient Communication, Creativity, Diagnostics, Empathy",Dentist,Stable,86,81,86,68,64
23,7th Semester,Mathematics,None,Electrical Engineer,"Aircraft Systems, Spatial Awareness, Time Management, Meteorology, Emergency Procedures, Radio Communication",Pilot,Trending,83,79,89,55,79
17,10th,Mathematics,Beginner,DevOps Engineer,"Critical Thinking, AutoCAD, Project Planning, Problem Solving, Geotechnical Engineering, Structural Analysis",Civil Engineer,Stable,88,62,85,69,77
28,Graduate,Biology,Beginner,Psychologist,"Mental Health Assessment, Active Listening, Counseling, Empathy",Psychologist,High Demand,70,78,86,71,84
18,10th,Chemistry,Intermediate,Pharmacist,"Attention to Detail, Dosage Calculation, Drug Interactions",Pharmacist,Stable,93,69,81,54,66
21,3rd Semester,Law,None,Journalist,"Storytelling, Critical Thinking, News Writing, Fact Checking, Media Ethics, Interviewing",Journalist,Stable,58,93,89,88,70
21,Diploma,Design,Expert,Mobile App Developer,"React Native, REST APIs, Kotlin, Mobile Architecture, UI/UX, Swift",Mobile App Developer,Trending,99,70,86,85,57
22,3rd Semester,Computer Science,None,IAS Officer,"Public Speaking, Adaptability, Creativity, Pedagogy, Curriculum Development",Professor,Stable,80,89,87,81,77
22,6th Semester,Mathematics,Intermediate,Mechanical Engineer,"Robotics, Adaptability, Manufacturing, Fluid Mechanics",Mechanical Engineer,Stable,89,68,89,63,69
27,7th Semester,Physics,Advanced,Robotics Engineer,"Sensors & Actuators, Python, Critical Thinking, ROS, Creativity, Mechatronics",Robotics Engineer,High Demand,99,68,90,82,68
27,8th Semester,Economics,Beginner,Investment Banker,"Negotiation, Creativity, Excel, Valuation, Problem Solving",Investment Banker,High Demand,90,90,91,69,92
23,Postgraduate,Design,Beginner,Animator,"Texturing, After Effects, Maya, Communication",Animator,Emerging,91,59,70,99,63
25,Postgraduate,Physics,None,Astrophysicist,"Cosmology, Astronomical Observation, Quantum Mechanics, Adaptability, Calculus, Problem Solving, Data Modeling",Astrophysicist,Emerging,88,73,96,71,61
25,8th Semester,Computer Science,Advanced,Robotics Engineer,"Sensors & Actuators, Adaptability, Mechatronics, C++, Kinematics",Robotics Engineer,High Demand,97,69,91,86,75
26,8th Semester,Artificial Intelligence,Advanced,AI Engineer,"Communication, Linear Algebra, NLP, TensorFlow, Teamwork",AI Engineer,High Demand,99,78,91,77,59
19,Diploma,Business Studies,Beginner,Digital Marketer,"Copywriting, PPC Advertising, SEO, Teamwork, Problem Solving",Digital Marketer,High Demand,79,91,72,83,86
27,Graduate,Economics,Intermediate,Financial Analyst,"Financial Statement Analysis, Ratio Analysis, Excel, Adaptability, Python for Finance, PowerBI",Financial Analyst,Trending,91,83,86,59,75
25,Graduate,Chemistry,None,Professor,"Public Speaking, Scientific Publication, Research Methodology",Professor,Stable,80,93,89,78,79
20,4th Semester,Biology,Beginner,Dentist,"Hygiene Standards, Time Management, Manual Dexterity, Oral Surgery, Dental Anatomy, Diagnostics, Empathy",Dentist,Stable,86,79,87,67,66
25,7th Semester,Chemistry,None,Chef,"Food Safety, Menu Engineering, Culinary Techniques, Kitchen Leadership",Chef,Trending,77,74,83,99,79
20,6th Semester,Economics,Advanced,Data Scientist,"Data Visualization, Scikit-Learn, Time Management, Statistics, R",Data Scientist,High Demand,99,80,94,76,69
21,2nd Semester,Mathematics,Advanced,Research Scientist,"Communication, Data Analysis, Statistics, Creativity, Scientific Research",Research Scientist,Stable,99,78,90,73,64
21,3rd Semester,Computer Science,Advanced,Cloud Engineer,"Networking, Communication, AWS, Terraform, Teamwork, System Architecture, Kubernetes",Cloud Engineer,High Demand,94,67,83,56,62
19,7th Semester,Physics,Beginner,Aerospace Engineer,"Critical Thinking, AutoCAD, Project Planning, Surveying, Construction Management, Structural Analysis",Civil Engineer,Stable,78,80,88,65,85
28,Postgraduate,Economics,Intermediate,Business Analyst,"SQL, Tableau, Business Strategy, Communication, Time Management, Agile/Scrum, Data Analytics",Business Analyst,High Demand,88,74,85,72,78
23,Graduate,Engineering,Intermediate,Electrical Engineer,"Android Studio, Git, React Native, Kotlin, Mobile Architecture, Creativity",Mobile App Developer,Trending,88,69,83,76,57
24,8th Semester,Physics,None,Data Scientist,"Signal Processing, Critical Thinking, Circuit Design, Time Management, PCB Design, Embedded Systems, Power Systems",Electrical Engineer,High Demand,80,61,89,71,62
20,5th Semester,Chemistry,None,Pharmacist,"Attention to Detail, Drug Interactions, Pharmacology, Organic Chemistry, Quality Control",Pharmacist,Stable,86,71,87,57,64
24,8th Semester,Biology,Beginner,Doctor,"Critical Thinking, Time Management, Pharmacology, Medical Ethics, Physiology, Anatomy, Empathy",Doctor,High Demand,92,95,88,62,88
19,7th Semester,Law,None,Lawyer,"Negotiation, Contract Drafting, Constitutional Law, Adaptability, Problem Solving",Lawyer,Stable,73,99,91,67,87
23,7th Semester,Computer Science,Beginner,Product Manager,"Leadership, Product Vision, Adaptability, Market Strategy",Product Manager,Trending,75,98,83,79,94
26,Postgraduate,Engineering,Intermediate,Cybersecurity Analyst,"Wireshark, Network Security, Linux",Cybersecurity Analyst,High Demand,94,61,90,60,61
23,8th Semester,Finance,None,Investment Banker,"Capital Markets, Excel, Valuation, Teamwork, M&A Analysis",Investment Banker,High Demand,80,78,92,62,87
24,7th Semester,Business Studies,None,Digital Marketer,"PPC Advertising, Critical Thinking, SEO, Google Analytics",Digital Marketer,High Demand,75,82,81,92,66
24,Postgraduate,Business Studies,Beginner,Product Manager,"Roadmap Planning, Leadership, Product Vision, Teamwork, Market Strategy",Product Manager,Trending,80,96,93,80,87
17,1st Semester,Engineering,Beginner,Product Designer,"User Empathy, Prototyping, Industrial Design, Product Strategy, Problem Solving, Iterative Design, Figma",Product Designer,High Demand,84,85,86,96,77
27,Postgraduate,Mathematics,Intermediate,Pilot,"Aircraft Systems, Spatial Awareness, Emergency Procedures, Radio Communication, Flight Navigation",Pilot,Trending,90,89,96,55,92
28,8th Semester,Engineering,Intermediate,Aerospace Engineer,"Aerodynamics, MATLAB, Adaptability, CAD Modeling, Flight Simulation, Avionics, Propulsion Systems",Aerospace Engineer,Emerging,99,74,93,71,69
26,8th Semester,Finance,None,Financial Analyst,"Ratio Analysis, Forecasting, Excel, Creativity, PowerBI",Financial Analyst,Trending,77,79,94,58,71
19,2nd Semester,Engineering,None,Civil Engineer,"Surveying, Structural Analysis, Project Planning, AutoCAD",Civil Engineer,Stable,78,69,90,68,76
25,Postgraduate,Design,None,Animator,"Motion Graphics, Texturing, Blender",Animator,Emerging,73,64,82,89,55
25,8th Semester,Computer Science,Advanced,Full-Stack Developer,"React, Git, Adaptability, REST APIs, HTML/CSS, Express",Full-Stack Developer,High Demand,99,67,82,80,74
26,7th Semester,Design,Intermediate,Mobile App Developer,"Adaptability, Kotlin, Git, REST APIs",Mobile App Developer,Trending,94,71,78,81,64
24,8th Semester,Physics,None,Pilot,"High Focus, Aircraft Systems, Meteorology, Creativity, Radio Communication, Flight Navigation",Pilot,Trending,77,83,98,64,83
28,8th Semester,Animation,None,Animator,"Storyboarding, 3D Modeling, Maya, Character Animation",Animator,Emerging,64,69,73,93,68
24,Postgraduate,Commerce,None,Digital Marketer,"Social Media Marketing, SEM, Copywriting, Adaptability, SEO, Google Analytics",Digital Marketer,High Demand,78,91,77,85,71
24,Postgraduate,Cybersecurity,Intermediate,Cybersecurity Analyst,"Python, Penetration Testing, Network Security, Ethical Hacking, Wireshark, Cryptography",Cybersecurity Analyst,High Demand,94,65,89,62,60
23,8th Semester,Physics,Intermediate,Astrophysicist,"Cosmology, Creativity, Astronomical Observation, Calculus",Astrophysicist,Emerging,88,73,98,81,60
26,7th Semester,Computer Science,Expert,Full-Stack Developer,"Python, React, JavaScript, Adaptability, Problem Solving",Full-Stack Developer,High Demand,99,68,84,63,56
18,12th,Engineering,Beginner,Aerospace Engineer,"CAD Modeling, Flight Simulation, Avionics, Propulsion Systems, Structural Analysis",Aerospace Engineer,Emerging,93,58,85,71,73
22,6th Semester,Economics,None,IAS Officer,"Leadership, Policy Formulation, Decision Making, Communication",IAS Officer,Stable,69,90,92,72,97
19,2nd Semester,Mathematics,Beginner,Mechanical Engineer,"AutoCAD, Fluid Mechanics, Communication, Time Management, Material Science, Robotics, Problem Solving, SolidWorks",Mechanical Engineer,Stable,86,57,92,65,62
17,12th,Commerce,None,Chartered Accountant,"Critical Thinking, Taxation, Financial Reporting, Creativity, Auditing",Chartered Accountant,Stable,88,68,96,60,60
22,8th Semester,Mathematics,Beginner,Astrophysicist,"Python, Cosmology, Astronomical Observation, Quantum Mechanics, Calculus, Teamwork, Numerical Simulation",Astrophysicist,Emerging,94,70,99,79,55
27,7th Semester,Design,Intermediate,Mobile App Developer,"Android Studio, Git, Time Management, React Native, Teamwork, Flutter, UI/UX, Swift",Mobile App Developer,Trending,94,65,81,80,74
27,7th Semester,Biology,Beginner,Dentist,"Hygiene Standards, Critical Thinking, Communication, Manual Dexterity, Oral Surgery, Patient Communication, Dental Anatomy",Dentist,Stable,77,75,93,72,70
27,Postgraduate,Biology,Intermediate,Civil Engineer,"Materials Science, Python, Critical Thinking, Time Management, Medical Devices, Prosthetics",Biomedical Engineer,Trending,88,66,82,80,69
17,12th,Animation,None,Animator,"Motion Graphics, Communication, Texturing, Teamwork, 3D Modeling, Storyboarding, After Effects",Animator,Emerging,77,72,73,99,66
23,8th Semester,Mathematics,Advanced,Research Scientist,"Python, Academic Writing, Data Analysis, Statistics, Teamwork",Research Scientist,Stable,92,71,95,77,69
27,Graduate,Computer Science,Intermediate,DevOps Engineer,"Python, Cloud Security, Jenkins, GitLab CI, Infrastructure as Code",DevOps Engineer,High Demand,91,73,83,57,75
19,5th Semester,Business Studies,None,Entrepreneur,"Communication, Risk Management, Sales & Marketing, Growth Strategy, Resilience",Entrepreneur,Emerging,66,94,95,90,88
27,7th Semester,Commerce,None,Entrepreneur,"Leadership, Teamwork, Business Model Generation, Sales & Marketing, Growth Strategy",Entrepreneur,Emerging,74,89,92,93,99
17,12th,Computer Science,Beginner,Business Analyst,"Requirements Gathering, Stakeholder Management, Business Strategy, SQL",Business Analyst,High Demand,77,82,90,63,87
20,6th Semester,Computer Science,Intermediate,Cloud Engineer,"AWS, Terraform, Azure, Kubernetes, CI/CD",Cloud Engineer,High Demand,90,62,88,75,62
18,1st Semester,Computer Science,Expert,Full-Stack Developer,"Python, React, SQL, Time Management, MongoDB, REST APIs, Node.js",Full-Stack Developer,High Demand,99,73,78,63,64
19,7th Semester,Mathematics,Beginner,Electrical Engineer,"Signal Processing, MATLAB, Microcontrollers, Power Systems",Electrical Engineer,High Demand,85,73,82,69,61
26,8th Semester,Computer Science,Intermediate,Mobile App Developer,"React Native, Flutter, Swift",Mobile App Developer,Trending,98,75,86,84,57
26,7th Semester,Computer Science,Advanced,Mobile App Developer,"Android Studio, Kotlin, Flutter",Mobile App Developer,Trending,92,69,82,91,67
26,Postgraduate,Computer Science,Advanced,Cybersecurity Analyst,"Incident Response, Firewalls, Network Security, Ethical Hacking, Cryptography",Cybersecurity Analyst,High Demand,96,64,81,71,64
24,8th Semester,Mathematics,Intermediate,AI Engineer,"Neural Networks, Linear Algebra, TensorFlow, Creativity, Problem Solving, PyTorch",AI Engineer,High Demand,96,69,92,82,60
19,5th Semester,Computer Science,None,UI/UX Designer,"Usability Testing, Wireframing, Prototyping, Interaction Design",UI/UX Designer,High Demand,73,85,77,91,69
25,8th Semester,Engineering,None,Civil Engineer,"Time Management, Site Inspection, Construction Management, Project Planning",Civil Engineer,Stable,82,64,92,62,73
18,12th,Computer Science,Advanced,AI Engineer,"Neural Networks, Python, Algorithms, Calculus, Deep Learning",AI Engineer,High Demand,99,72,90,82,62
22,6th Semester,Computer Science,Intermediate,Mobile App Developer,"Networking, Kubernetes, Linux",Cloud Engineer,High Demand,98,71,82,54,52
26,7th Semester,Biology,Advanced,Dentist,"Dental Anatomy, Hygiene Standards, Empathy",Dentist,Stable,99,85,80,64,61
20,8th Semester,Hospitality,None,Doctor,"Sensory Evaluation, Time Management, Culinary Techniques, Kitchen Leadership, Menu Engineering, Creativity, Problem Solving",Chef,Trending,70,75,79,99,88
27,Graduate,Computer Science,Expert,DevOps Engineer,"Cloud Security, GitLab CI, Monitoring, Linux Bash, Infrastructure as Code, Kubernetes",DevOps Engineer,High Demand,99,65,92,59,60
24,Graduate,Engineering,Expert,Full-Stack Developer,"Critical Thinking, SQL, JavaScript, MongoDB, REST APIs, HTML/CSS, Express",Full-Stack Developer,High Demand,99,70,82,70,72
18,10th,Design,None,UI/UX Designer,"Design Thinking, Time Management, Adaptability, Design Systems, User Research",UI/UX Designer,High Demand,75,86,81,98,69
23,7th Semester,Engineering,None,Pilot,"High Focus, Critical Thinking, Aircraft Systems, Spatial Awareness, Meteorology, Emergency Procedures",Pilot,Trending,77,82,89,52,98
23,Postgraduate,Biology,Intermediate,Biomedical Engineer,"Python, Signal Processing, Critical Thinking, Biology, CAD Design, Biomechanics, Prosthetics, Teamwork",Biomedical Engineer,Trending,92,69,93,78,53
24,Graduate,Design,None,Animator,"Motion Graphics, Communication, Texturing, Adaptability, 3D Modeling, Blender, Storyboarding",Animator,Emerging,78,72,74,92,42
26,7th Semester,Finance,None,Chartered Accountant,"Excel Mastery, Financial Reporting, Communication, Attention to Detail, Financial Analysis, Financial Accounting, Problem Solving",Chartered Accountant,Stable,78,71,96,61,72
17,12th,Design,Intermediate,Graphic Designer,"Photoshop, Layout Design, Time Management, Illustrator, Typography, Creativity, Color Theory",Graphic Designer,Trending,82,77,79,99,57
19,2nd Semester,Physics,Advanced,Robotics Engineer,"Python, Problem Solving, Creativity, C++, Kinematics, Control Systems",Robotics Engineer,High Demand,99,62,94,75,76
19,6th Semester,Physics,Beginner,Mechanical Engineer,"Robotics, Material Science, Time Management, AutoCAD",Mechanical Engineer,Stable,82,67,88,76,72
22,4th Semester,Medical Science,None,Research Scientist,"Oral Surgery, Dental Anatomy, Problem Solving, Diagnostics, Empathy",Dentist,Stable,84,86,85,70,71
21,7th Semester,Animation,Intermediate,Graphic Designer,"Typography, Creativity, Illustrator, Problem Solving",Graphic Designer,Trending,75,76,75,99,70
17,10th,Law,None,Journalist,"Storytelling, Critical Thinking, News Writing, Video Journalism, Interviewing",Journalist,Stable,71,97,92,86,64
19,Diploma,Economics,Beginner,Financial Analyst,"Decision Making, General Studies, Leadership, Policy Formulation, Public Administration, Public Communication",IAS Officer,Stable,82,92,92,74,94
20,2nd Semester,Computer Science,Advanced,Mobile App Developer,"JavaScript, REST APIs, HTML/CSS, Express, Node.js",Full-Stack Developer,High Demand,96,61,92,69,64
24,Postgraduate,Business Studies,Intermediate,Product Designer,"Prototyping, Iterative Design, User Empathy, Customer Research",Product Designer,High Demand,91,86,81,91,63
22,4th Semester,Engineering,Advanced,Software Developer,"React, MongoDB, SQL",Full-Stack Developer,High Demand,89,74,84,71,69
22,4th Semester,Computer Science,Advanced,Cybersecurity Analyst,"Firewalls, Cryptography, Ethical Hacking",Cybersecurity Analyst,High Demand,98,59,91,66,62
28,Postgraduate,Finance,None,Digital Marketer,"Negotiation, Financial Modeling, Valuation, M&A Analysis",Investment Banker,High Demand,90,88,84,64,89
25,Graduate,Design,Beginner,Mobile App Developer,"Branding, Photoshop, Layout Design, Illustrator, Typography, Creativity",Graphic Designer,Trending,77,75,67,93,62
17,1st Semester,Computer Science,Advanced,AI Engineer,"Communication, Linear Algebra, TensorFlow, Deep Learning, PyTorch",AI Engineer,High Demand,97,77,87,81,63
25,8th Semester,Engineering,Expert,Robotics Engineer,"Mechatronics, C++, Kinematics, Control Systems",Robotics Engineer,High Demand,99,73,90,88,68
25,7th Semester,Mathematics,Advanced,Data Scientist,"Communication, Tableau, SQL, Statistics, R, Teamwork",Data Scientist,High Demand,99,70,97,79,70
17,12th,Cybersecurity,Intermediate,Cybersecurity Analyst,"Python, Linux, Adaptability, Ethical Hacking, Teamwork",Cybersecurity Analyst,High Demand,94,67,85,55,56
28,7th Semester,Engineering,Intermediate,Full-Stack Developer,"React, JavaScript, Time Management, MongoDB, REST APIs, Creativity",Full-Stack Developer,High Demand,96,60,82,73,59
18,12th,Data Science,Advanced,AI Engineer,"Python, Linear Algebra, NLP, Deep Learning, PyTorch",AI Engineer,High Demand,99,69,89,78,70
22,6th Semester,Finance,None,Investment Banker,"Financial Modeling, Market Research, M&A Analysis",Investment Banker,High Demand,82,91,89,74,86
27,Graduate,Economics,Beginner,Investment Banker,"Negotiation, Market Research, M&A Analysis",Investment Banker,High Demand,86,89,91,65,80
26,8th Semester,Finance,Advanced,Financial Analyst,"Financial Reporting, Attention to Detail, Teamwork, Financial Accounting, Auditing",Chartered Accountant,Stable,99,79,89,60,75
23,Postgraduate,Computer Science,Intermediate,Cybersecurity Analyst,"Python, Linux, Communication, Firewalls, Ethical Hacking",Cybersecurity Analyst,High Demand,98,62,86,65,53
19,8th Semester,Mathematics,Advanced,Pilot,"Neural Networks, NLP, Algorithms, Calculus, Creativity, Deep Learning, PyTorch",AI Engineer,High Demand,99,63,87,80,52
25,Graduate,Computer Science,Intermediate,DevOps Engineer,"Python, Cloud Security, Jenkins, GitLab CI, Docker, Creativity, Kubernetes",DevOps Engineer,High Demand,96,61,92,75,59
22,2nd Semester,Economics,None,Lawyer,"Decision Making, Governance, General Studies, Communication, Crisis Management, Adaptability, Leadership, Public Administration",IAS Officer,Stable,74,99,91,73,99
20,4th Semester,Biology,Advanced,Psychologist,"Active Listening, Communication, Time Management, Counseling, Empathy",Psychologist,High Demand,84,90,76,75,77
28,8th Semester,Mathematics,Beginner,Aerospace Engineer,"Aerodynamics, MATLAB, Flight Simulation, Creativity, Propulsion Systems",Aerospace Engineer,Emerging,88,68,95,75,67
23,Postgraduate,Engineering,Intermediate,DevOps Engineer,"Python, Cloud Security, Monitoring, Teamwork, Infrastructure as Code, Problem Solving, Kubernetes",DevOps Engineer,High Demand,98,73,86,60,72
24,Postgraduate,Data Science,Advanced,Data Scientist,"Python, Critical Thinking, Data Visualization, Analytical Thinking",Data Scientist,High Demand,97,76,94,76,54
18,10th,Animation,Beginner,Animator,"Motion Graphics, 3D Modeling, Maya, Storyboarding, Creativity, After Effects",Animator,Emerging,85,69,71,99,60
22,8th Semester,Physics,Intermediate,Biomedical Engineer,"Python, Signal Processing, Medical Devices, Prosthetics, Teamwork",Biomedical Engineer,Trending,87,70,80,79,70
22,4th Semester,Engineering,None,Product Designer,"User Empathy, Communication, Customer Research, Product Strategy, Creativity, Industrial Design, Prototyping",Product Designer,High Demand,74,83,87,92,73
27,8th Semester,Engineering,Expert,Cybersecurity Analyst,"Incident Response, Critical Thinking, Penetration Testing, Communication, Ethical Hacking, Wireshark, Cryptography",Cybersecurity Analyst,High Demand,94,68,93,53,62
17,12th,Computer Science,Intermediate,Full-Stack Developer,"Python, SQL, Problem Solving, Communication, REST APIs, HTML/CSS, Node.js",Full-Stack Developer,High Demand,93,59,89,76,67
22,2nd Semester,Mathematics,Beginner,Astrophysicist,"Cosmology, Astronomical Observation, Data Modeling, Astrophysics",Astrophysicist,Emerging,92,60,93,70,53
26,Graduate,Mathematics,Beginner,Astrophysicist,"Python, Quantum Mechanics, Data Modeling",Astrophysicist,Emerging,97,70,86,84,73
23,Postgraduate,Psychology,Beginner,Lawyer,"Negotiation, Communication, Contract Drafting, Constitutional Law, Public Speaking, Time Management, Legal Research, Courtroom Advocacy",Lawyer,Stable,75,93,92,72,80
28,Graduate,Engineering,Advanced,Cybersecurity Analyst,"Python, Critical Thinking, Penetration Testing, Communication, Ethical Hacking, Cryptography",Cybersecurity Analyst,High Demand,99,63,87,66,58
18,1st Semester,Design,Advanced,Mobile App Developer,"Android Studio, Git, Adaptability, Kotlin, Mobile Architecture, Swift",Mobile App Developer,Trending,99,74,76,88,63
19,4th Semester,Engineering,Intermediate,Cloud Engineer,"Aerodynamics, Flight Simulation, Propulsion Systems, Structural Analysis",Aerospace Engineer,Emerging,99,69,94,74,68
20,4th Semester,Engineering,Intermediate,Full-Stack Developer,"Python, MongoDB, Adaptability, Express, Node.js",Full-Stack Developer,High Demand,92,70,86,65,69
18,12th,Physics,Beginner,Biomedical Engineer,"Materials Science, Teamwork, Biology, Medical Devices",Biomedical Engineer,Trending,95,60,84,81,86
23,Graduate,Engineering,Expert,Full-Stack Developer,"Python, Critical Thinking, SQL, JavaScript, MongoDB, Node.js",Full-Stack Developer,High Demand,99,78,85,74,53
18,1st Semester,Engineering,Expert,Cybersecurity Analyst,"Linux, Penetration Testing, Time Management, Firewalls, Network Security, Ethical Hacking, Wireshark",Cybersecurity Analyst,High Demand,99,63,94,61,58
19,Diploma,Economics,Beginner,Digital Marketer,"Agile, Metrics & KPIs, Product Vision, Cross-Functional Coordination, Market Strategy",Product Manager,Trending,79,88,92,84,92
22,7th Semester,Business Studies,Beginner,Mechanical Engineer,"User Empathy, Iterative Design, Customer Research, Industrial Design, Prototyping",Product Designer,High Demand,82,89,79,99,74
20,6th Semester,Economics,Intermediate,Product Manager,"Leadership, Teamwork, User Research, Cross-Functional Coordination, Market Strategy",Product Manager,Trending,89,88,85,80,90
18,1st Semester,Physics,None,Civil Engineer,"Site Inspection, Project Planning, Construction Management, AutoCAD",Civil Engineer,Stable,87,80,83,63,69
23,7th Semester,Animation,None,Animator,"Motion Graphics, Critical Thinking, 3D Modeling, Character Animation",Animator,Emerging,77,72,76,99,59
25,Graduate,Design,None,Product Designer,"User Empathy, Customer Research, Product Strategy, Industrial Design, Prototyping",Product Designer,High Demand,70,83,96,92,69
27,Graduate,Business Studies,Intermediate,Business Analyst,"Critical Thinking, Business Strategy, SQL, Stakeholder Management, Creativity, Requirements Gathering",Business Analyst,High Demand,94,88,93,71,82
25,Graduate,Physics,None,Civil Engineer,"AutoCAD, Time Management, Project Planning, Surveying, Construction Management, Problem Solving",Civil Engineer,Stable,82,70,94,70,66
26,Graduate,Mathematics,Beginner,Teacher,"Communication, Patience, Student Evaluation, Classroom Management, Empathy",Teacher,Stable,72,81,83,81,85
19,7th Semester,Economics,None,Financial Analyst,"Ratio Analysis, Forecasting, Excel, Python for Finance, Market Research, PowerBI",Financial Analyst,Trending,86,78,80,54,77
18,10th,Animation,Beginner,Graphic Designer,"Visual Identity, Photoshop, Layout Design, Creativity, Color Theory",Graphic Designer,Trending,79,72,76,93,64
25,8th Semester,Business Studies,Beginner,Digital Marketer,"Content Strategy, Critical Thinking, Email Campaigns, SEO",Digital Marketer,High Demand,76,84,76,88,79
22,3rd Semester,Finance,None,Investment Banker,"Capital Markets, Pitch Decks, Negotiation, Valuation, Creativity",Investment Banker,High Demand,78,89,99,61,82
21,7th Semester,Chemistry,None,Doctor,"Pharmacology, Adaptability, Physiology, Teamwork, Anatomy",Doctor,High Demand,76,96,90,56,82
18,10th,Finance,None,Entrepreneur,"Financial Accounting, Problem Solving, Excel Mastery, Financial Reporting",Chartered Accountant,Stable,82,76,90,51,73
26,8th Semester,Cybersecurity,Beginner,Cybersecurity Analyst,"Linux, Incident Response, Penetration Testing, Firewalls, Network Security, Ethical Hacking",Cybersecurity Analyst,High Demand,95,56,85,65,58
22,8th Semester,Physics,Intermediate,Professor,"Research Methodology, Mentorship, Academic Lecturing, Public Speaking, Scientific Publication, Pedagogy",Professor,Stable,91,88,87,75,78
18,10th,Animation,Advanced,Animator,"Visual Identity, Branding, Critical Thinking, Time Management, Color Theory",Graphic Designer,Trending,79,78,73,91,52
27,7th Semester,Computer Science,Beginner,Robotics Engineer,"Computer Vision, Time Management, Problem Solving, C++, Control Systems",Robotics Engineer,High Demand,95,66,88,91,64
19,8th Semester,Computer Science,Intermediate,Product Manager,"Linux, Communication, Adaptability, Docker, System Architecture, Kubernetes, CI/CD",Cloud Engineer,High Demand,89,62,88,59,64
17,10th,Engineering,Advanced,Software Developer,"Communication, REST APIs, Teamwork, Problem Solving, C++, Object-Oriented Programming",Software Developer,High Demand,92,70,93,71,71
23,8th Semester,Psychology,Beginner,Journalist,"Negotiation, Critical Thinking, Constitutional Law, Legal Research, Courtroom Advocacy",Lawyer,Stable,83,95,90,69,85
20,2nd Semester,Biology,Beginner,Psychologist,"Adaptability, Cognitive Behavioral Therapy, Research Methods, Ethics",Psychologist,High Demand,65,92,83,80,73
23,7th Semester,Computer Science,Advanced,Data Scientist,"Data Visualization, Tableau, Time Management, Creativity, Machine Learning",Data Scientist,High Demand,97,70,91,72,70
23,Postgraduate,Animation,None,Graphic Designer,"Branding, Photoshop, Visual Identity, Communication, Layout Design, Time Management, Illustrator",Graphic Designer,Trending,70,75,78,86,67
18,10th,Engineering,Beginner,Research Scientist,"Problem Solving, Aerodynamics, MATLAB, Teamwork, Avionics, Propulsion Systems, Structural Analysis",Aerospace Engineer,Emerging,86,69,94,73,66
28,8th Semester,Medical Science,Beginner,Dentist,"Communication, Oral Surgery, Patient Communication, Dental Anatomy, Diagnostics, Empathy",Dentist,Stable,88,81,89,73,80
18,12th,Physics,Beginner,Research Scientist,"Python, Critical Analysis, Scientific Research, Hypothesis Testing",Research Scientist,Stable,88,74,90,82,63
27,7th Semester,Economics,Intermediate,DevOps Engineer,"Roadmap Planning, Communication, Agile, Metrics & KPIs, Leadership, Product Vision, Market Strategy",Product Manager,Trending,85,96,92,80,83
17,10th,Mathematics,Beginner,Investment Banker,"Pitch Decks, Valuation, Excel, Market Research",Investment Banker,High Demand,86,84,92,67,80
19,Diploma,Physics,Intermediate,Astrophysicist,"Cosmology, Astronomical Observation, Quantum Mechanics, Data Modeling",Astrophysicist,Emerging,99,62,91,69,71
28,Postgraduate,Psychology,Advanced,Lawyer,"Negotiation, Contract Drafting, Adaptability, Teamwork, Courtroom Advocacy",Lawyer,Stable,79,92,89,75,78
24,Graduate,Data Science,Beginner,Data Scientist,"Python, Data Visualization, SQL, Adaptability, R, Teamwork, Machine Learning",Data Scientist,High Demand,87,76,84,67,64
17,10th,Data Science,Intermediate,Data Scientist,"Python, SQL, Tableau, Time Management, Statistics, R, Analytical Thinking",Data Scientist,High Demand,93,68,91,70,62
28,Postgraduate,Computer Science,Intermediate,Mobile App Developer,"Critical Thinking, Kotlin, Mobile Architecture, Flutter, UI/UX, Swift",Mobile App Developer,Trending,93,72,80,80,62
22,7th Semester,Mathematics,None,Civil Engineer,"Critical Thinking, AutoCAD, Surveying, Construction Management, Structural Analysis",Civil Engineer,Stable,80,72,87,63,79
22,Diploma,Engineering,Intermediate,DevOps Engineer,"Cloud Security, Jenkins, GitLab CI, Monitoring, Docker, Infrastructure as Code",DevOps Engineer,High Demand,90,65,83,62,65
23,8th Semester,Chemistry,Beginner,Chef,"Time Management, Creativity, Food Safety, Kitchen Leadership",Chef,Trending,84,76,74,96,72
18,1st Semester,Chemistry,None,Cybersecurity Analyst,"Research Methodology, Academic Lecturing, Public Speaking, Scientific Publication, Adaptability, Problem Solving, Pedagogy, Curriculum Development",Professor,Stable,73,99,93,75,90
18,12th,Mathematics,Beginner,Electrical Engineer,"Problem Solving, Circuit Design, Power Systems, PCB Design",Electrical Engineer,High Demand,86,75,88,57,75
28,Graduate,Mathematics,None,Mechanical Engineer,"Critical Thinking, AutoCAD, Site Inspection, Project Planning, Problem Solving, Geotechnical Engineering",Civil Engineer,Stable,79,79,77,68,83
27,8th Semester,Chemistry,None,Dentist,"Critical Thinking, Manual Dexterity, Patient Communication, Diagnostics, Empathy",Dentist,Stable,77,81,87,70,83
20,3rd Semester,Biology,Beginner,Psychologist,"Research Methods, Ethics, Counseling, Creativity, Problem Solving, Empathy",Psychologist,High Demand,73,96,88,79,72
18,1st Semester,Chemistry,Beginner,Research Scientist,"Critical Thinking, Academic Writing, Time Management, Laboratory Techniques, Data Analysis, Statistics",Research Scientist,Stable,92,75,93,69,60
28,7th Semester,Business Studies,Beginner,Digital Marketer,"Copywriting, SEM, Email Campaigns, SEO",Digital Marketer,High Demand,71,90,79,78,78
22,7th Semester,Design,None,UI/UX Designer,"Creativity, Wireframing, Figma, Interaction Design",UI/UX Designer,High Demand,75,85,76,97,73
22,8th Semester,Mathematics,Intermediate,Full-Stack Developer,"Research Methodology, Academic Lecturing, Mentorship, Public Speaking, Curriculum Development",Professor,Stable,93,93,85,82,80
27,Postgraduate,Computer Science,Intermediate,Cloud Engineer,"System Architecture, Linux, CI/CD",Cloud Engineer,High Demand,98,69,85,56,68
21,6th Semester,Computer Science,Intermediate,DevOps Engineer,"Python, Jenkins, Adaptability, Teamwork, Docker, Linux Bash, Infrastructure as Code, Kubernetes",DevOps Engineer,High Demand,90,60,86,56,77
27,7th Semester,Biology,None,Dentist,"Communication, Manual Dexterity, Oral Surgery, Patient Communication, Dental Anatomy, Diagnostics, Empathy",Dentist,Stable,80,77,79,70,72
22,4th Semester,Mathematics,None,Mechanical Engineer,"Robotics, Thermodynamics, Fluid Mechanics",Mechanical Engineer,Stable,87,62,98,79,66
17,10th,Business Studies,Beginner,Business Analyst,"SQL, Tableau, Business Strategy, Agile/Scrum, Stakeholder Management, Teamwork, Requirements Gathering",Business Analyst,High Demand,80,83,87,72,80
21,5th Semester,Engineering,Intermediate,Electrical Engineer,"Signal Processing, MATLAB, PCB Design, Embedded Systems, Microcontrollers, Power Systems",Electrical Engineer,High Demand,99,67,90,75,58
21,Diploma,Business Studies,Beginner,Product Manager,"User Research, Market Strategy, Roadmap Planning",Product Manager,Trending,78,87,84,79,87
21,Diploma,Design,Beginner,Animator,"Texturing, 3D Modeling, Maya, Storyboarding, Creativity, After Effects",Animator,Emerging,74,70,67,95,63
19,2nd Semester,Physics,Intermediate,Aerospace Engineer,"Problem Solving, Aerodynamics, CAD Modeling, Flight Simulation, Teamwork, Avionics, Propulsion Systems, Structural Analysis",Aerospace Engineer,Emerging,99,75,94,80,70
25,Postgraduate,Finance,None,Financial Analyst,"Ratio Analysis, Forecasting, Time Management, Adaptability, Market Research, PowerBI",Financial Analyst,Trending,79,74,93,57,65
20,8th Semester,Hospitality,Beginner,Chef,"Creativity, Menu Engineering, Culinary Techniques, Kitchen Leadership",Chef,Trending,78,73,83,85,80
25,8th Semester,Economics,None,Digital Marketer,"Copywriting, SEM, Social Media Marketing, Problem Solving, Google Analytics",Digital Marketer,High Demand,77,91,79,94,79
25,Graduate,Mathematics,Beginner,Pilot,"Problem Solving, Emergency Procedures, Radio Communication, Flight Navigation",Pilot,Trending,89,84,88,60,81
21,2nd Semester,Psychology,None,Journalist,"Storytelling, Fact Checking, Video Journalism, Investigative Reporting, Problem Solving, Interviewing",Journalist,Stable,69,92,83,77,74
21,4th Semester,Finance,None,Investment Banker,"Negotiation, Pitch Decks, Valuation",Investment Banker,High Demand,77,86,91,61,85
20,4th Semester,Finance,Intermediate,Chartered Accountant,"Financial Reporting, Financial Analysis, Corporate Law, Financial Accounting, Auditing",Chartered Accountant,Stable,93,68,94,56,67
27,8th Semester,Physics,Beginner,Civil Engineer,"AutoCAD, Project Planning, Site Inspection, Construction Management, Structural Analysis",Civil Engineer,Stable,88,75,94,67,72
19,3rd Semester,Psychology,None,UI/UX Designer,"Negotiation, Contract Drafting, Public Speaking, Legal Research, Teamwork, Problem Solving, Courtroom Advocacy",Lawyer,Stable,67,93,93,59,87
22,7th Semester,Computer Science,Intermediate,DevOps Engineer,"Python, Linux Bash, Cloud Security, Kubernetes",DevOps Engineer,High Demand,95,63,90,58,67
18,12th,Education,None,Journalist,"News Writing, Teamwork, Video Journalism, Fact Checking",Journalist,Stable,69,99,78,85,73
22,4th Semester,Hospitality,Beginner,Chef,"Sensory Evaluation, Time Management, Culinary Techniques, Adaptability, Food Safety, Menu Engineering, Creativity",Chef,Trending,75,74,83,83,81
22,6th Semester,Data Science,Intermediate,Data Scientist,"Analytical Thinking, SQL, Machine Learning",Data Scientist,High Demand,91,76,96,72,66
25,8th Semester,Computer Science,Intermediate,Software Developer,"Object-Oriented Programming, Data Structures, Git",Software Developer,High Demand,94,63,88,68,59
18,12th,Computer Science,None,Professor,"Research Methodology, Academic Lecturing, Public Speaking, Scientific Publication, Creativity, Pedagogy, Curriculum Development",Professor,Stable,82,95,89,68,81
20,Diploma,Artificial Intelligence,Advanced,Robotics Engineer,"Sensors & Actuators, Computer Vision, Critical Thinking, ROS, Adaptability, C++, Kinematics",Robotics Engineer,High Demand,99,68,93,76,65
25,Postgraduate,Engineering,Advanced,Cloud Engineer,"Python, Networking, AWS, Azure, System Architecture, CI/CD",Cloud Engineer,High Demand,92,68,83,67,72
28,8th Semester,Education,Intermediate,Journalist,"News Writing, Creativity, Video Journalism, Interviewing",Journalist,Stable,71,99,79,88,70
25,7th Semester,Finance,None,Investment Banker,"Capital Markets, Negotiation, Communication, Excel, Valuation, Financial Modeling, Problem Solving, M&A Analysis",Investment Banker,High Demand,89,82,95,65,94
24,Graduate,Business Studies,None,Product Designer,"User Empathy, Customer Research, Product Strategy, Iterative Design, Prototyping",Product Designer,High Demand,78,86,84,99,80
20,5th Semester,Design,None,Graphic Designer,"Layout Design, Visual Identity, Teamwork, Color Theory",Graphic Designer,Trending,65,80,73,99,62
24,Postgraduate,Mathematics,Beginner,Teacher,"Creativity, Aerodynamics, Time Management, CAD Modeling, Flight Simulation, Avionics, Propulsion Systems",Aerospace Engineer,Emerging,95,70,99,75,79
18,10th,Computer Science,Expert,DevOps Engineer,"Jenkins, Time Management, Adaptability, GitLab CI, Linux Bash, Kubernetes",DevOps Engineer,High Demand,99,71,84,59,72
28,Graduate,Business Studies,Intermediate,Product Designer,"User Empathy, Customer Research, Product Strategy, Iterative Design, Prototyping",Product Designer,High Demand,85,81,76,95,70
22,4th Semester,Finance,None,Investment Banker,"Excel, Valuation, Market Research, Financial Modeling, M&A Analysis",Investment Banker,High Demand,83,88,89,68,88
26,Graduate,Design,Beginner,Product Designer,"Customer Research, Product Strategy, Figma, Industrial Design, Problem Solving, Iterative Design",Product Designer,High Demand,82,86,80,92,86
24,8th Semester,Chemistry,Beginner,Chef,"Sensory Evaluation, Time Management, Culinary Techniques, Adaptability, Food Safety, Menu Engineering, Creativity",Chef,Trending,71,78,85,97,79
19,8th Semester,Engineering,Advanced,Cybersecurity Analyst,"Network Security, Linux, Communication, Ethical Hacking",Cybersecurity Analyst,High Demand,97,63,88,70,58
23,7th Semester,Computer Science,Intermediate,Software Developer,"Time Management, Data Structures, Adaptability, Debugging, Algorithms",Software Developer,High Demand,94,63,90,77,68
26,Postgraduate,Mathematics,Intermediate,Entrepreneur,"Financial Statement Analysis, Ratio Analysis, Excel, Adaptability",Financial Analyst,Trending,91,86,86,65,62
24,8th Semester,Finance,None,Chartered Accountant,"Excel Mastery, Critical Thinking, Financial Reporting, Financial Analysis, Attention to Detail, Financial Accounting, Auditing",Chartered Accountant,Stable,87,77,84,53,70
26,Graduate,Mathematics,Intermediate,Electrical Engineer,"Signal Processing, Circuit Design, MATLAB, PCB Design, Teamwork, Power Systems",Electrical Engineer,High Demand,93,66,95,60,62
24,Postgraduate,Finance,None,Chartered Accountant,"Financial Accounting, Corporate Law, Teamwork, Financial Reporting",Chartered Accountant,Stable,81,75,91,53,78
21,Diploma,Computer Science,Beginner,Product Manager,"Metrics & KPIs, Leadership, Product Vision, User Research, Cross-Functional Coordination, Market Strategy",Product Manager,Trending,79,88,92,84,92
27,8th Semester,Business Studies,Beginner,Product Designer,"User Empathy, Prototyping, Communication, Customer Research, Creativity, Industrial Design, Figma",Product Designer,High Demand,75,88,87,90,71
22,2nd Semester,Physics,Beginner,Astrophysicist,"Astronomical Observation, Critical Thinking, Astrophysics, Calculus, Creativity, Data Modeling",Astrophysicist,Emerging,93,70,96,75,74
24,8th Semester,Computer Science,Intermediate,Cloud Engineer,"Networking, Terraform, Azure, System Architecture, Kubernetes, CI/CD",Cloud Engineer,High Demand,93,64,85,61,81
19,7th Semester,Business Studies,Beginner,Digital Marketer,"Content Strategy, SEM, PPC Advertising, Time Management, Email Campaigns, SEO, Google Analytics",Digital Marketer,High Demand,82,87,76,89,76
26,Postgraduate,Physics,Beginner,Doctor,"Python, Creativity, Medical Devices, Prosthetics, Problem Solving",Biomedical Engineer,Trending,83,63,86,79,68
28,7th Semester,Law,Beginner,Journalist,"Storytelling, Communication, News Writing, Video Journalism, Teamwork, Interviewing",Journalist,Stable,74,99,78,90,73
27,Postgraduate,Design,Intermediate,Graphic Designer,"Branding, Photoshop, Communication, Layout Design, Illustrator, Creativity, Color Theory",Graphic Designer,Trending,78,76,73,94,68
20,7th Semester,Mathematics,Beginner,Biomedical Engineer,"Signal Processing, Communication, Circuit Design, PCB Design, Embedded Systems, Power Systems",Electrical Engineer,High Demand,87,64,88,66,58
23,Graduate,Engineering,None,Product Designer,"User Empathy, Iterative Design, Industrial Design, Prototyping",Product Designer,High Demand,80,83,79,85,71
20,2nd Semester,Animation,None,Graphic Designer,"Branding, Photoshop, Critical Thinking, Time Management, Typography, Creativity",Graphic Designer,Trending,77,74,77,97,55
27,8th Semester,Business Studies,None,Product Designer,"Prototyping, User Empathy, Iterative Design, Adaptability, Customer Research, Industrial Design, Figma",Product Designer,High Demand,78,85,85,95,70
20,3rd Semester,Psychology,Intermediate,UI/UX Designer,"Prototyping, Design Thinking, Usability Testing, Design Systems, User Research, Figma",UI/UX Designer,High Demand,77,77,76,89,74
21,5th Semester,Chemistry,Beginner,Pharmacist,"Patient Counseling, Communication, Attention to Detail, Dosage Calculation, Drug Interactions, Teamwork, Organic Chemistry",Pharmacist,Stable,86,78,85,52,67
26,8th Semester,Design,Beginner,Graphic Designer,"Photoshop, Layout Design, Problem Solving, Time Management, Illustrator, Creativity, Color Theory",Graphic Designer,Trending,76,76,65,95,65
27,Postgraduate,Design,None,Animator,"Critical Thinking, Communication, Character Animation, Storyboarding, After Effects",Animator,Emerging,72,70,78,93,56
25,7th Semester,Business Studies,None,Product Designer,"Product Strategy, User Empathy, Iterative Design, Industrial Design",Product Designer,High Demand,74,81,84,91,74
24,Graduate,Engineering,Intermediate,Cybersecurity Analyst,"Linux, Time Management, Firewalls, Wireshark, Cryptography",Cybersecurity Analyst,High Demand,99,65,85,66,54
18,1st Semester,Computer Science,Advanced,Cloud Engineer,"Azure, Time Management, AWS, Teamwork, Docker, System Architecture, Kubernetes",Cloud Engineer,High Demand,93,64,81,58,64
24,8th Semester,Engineering,Advanced,Mobile App Developer,"React Native, Adaptability, Creativity, Flutter, Swift",Mobile App Developer,Trending,91,69,90,87,58
23,8th Semester,Psychology,Advanced,Product Manager,"Prototyping, Communication, Usability Testing, Creativity, Wireframing, Visual Hierarchy, Figma",UI/UX Designer,High Demand,91,84,81,99,67
19,7th Semester,Economics,Intermediate,Data Scientist,"Pandas, Scikit-Learn, SQL, Statistics, R, Analytical Thinking",Data Scientist,High Demand,95,82,89,67,69
18,10th,Engineering,None,Pilot,"Meteorology, Emergency Procedures, Aircraft Systems",Pilot,Trending,85,81,92,51,90
27,7th Semester,Engineering,Beginner,DevOps Engineer,"Cloud Security, Jenkins, GitLab CI, Monitoring, Infrastructure as Code, Kubernetes",DevOps Engineer,High Demand,89,71,78,63,68
20,6th Semester,Engineering,Beginner,Biomedical Engineer,"Materials Science, CAD Design, Biology, Prosthetics",Biomedical Engineer,Trending,82,69,95,75,66
18,10th,Chemistry,Intermediate,Professor,"Research Methodology, Mentorship, Public Speaking, Scientific Publication, Time Management, Adaptability, Pedagogy, Curriculum Development",Professor,Stable,85,96,90,81,72
28,7th Semester,Business Studies,Beginner,Product Designer,"Prototyping, Critical Thinking, Time Management, Customer Research, Product Strategy, Industrial Design, Iterative Design",Product Designer,High Demand,78,84,83,91,69
26,8th Semester,Computer Science,Intermediate,Data Scientist,"Python, Data Visualization, R, Problem Solving, Analytical Thinking",Data Scientist,High Demand,99,72,90,66,71
21,5th Semester,Mathematics,None,Civil Engineer,"Site Inspection, Time Management, Project Planning, AutoCAD",Civil Engineer,Stable,76,67,93,68,87
21,7th Semester,Finance,None,Chartered Accountant,"Financial Accounting, Excel Mastery, Financial Reporting",Chartered Accountant,Stable,88,74,92,59,80
18,1st Semester,Biology,None,Teacher,"Patience, Child Psychology, Communication, Student Evaluation",Teacher,Stable,69,98,85,72,68
24,Postgraduate,Law,None,Lawyer,"Negotiation, Communication, Contract Drafting, Public Speaking, Legal Research",Lawyer,Stable,77,98,91,78,82
18,1st Semester,Biology,Beginner,Teacher,"Communication, Time Management, Adaptability, Patience, Student Evaluation, Classroom Management, Empathy",Teacher,Stable,77,91,80,77,77
20,8th Semester,Finance,None,Chartered Accountant,"Excel Mastery, Financial Analysis, Adaptability, Financial Accounting, Auditing",Chartered Accountant,Stable,84,76,87,61,80
20,2nd Semester,Design,Beginner,Graphic Designer,"Typography, Branding, Layout Design, Communication",Graphic Designer,Trending,84,79,74,93,69
24,Graduate,Design,Intermediate,Graphic Designer,"Visual Identity, Photoshop, Layout Design, Adaptability, Creativity",Graphic Designer,Trending,82,64,77,99,66
18,10th,Engineering,Advanced,Full-Stack Developer,"Node.js, REST APIs, SQL",Full-Stack Developer,High Demand,96,67,91,76,65
24,7th Semester,Mathematics,Beginner,Mechanical Engineer,"Communication, Manufacturing, Thermodynamics, Robotics, Problem Solving",Mechanical Engineer,Stable,89,62,89,72,67
20,5th Semester,Education,Beginner,Teacher,"Policy Formulation, Adaptability, Decision Making, Governance",IAS Officer,Stable,88,92,92,68,97
21,5th Semester,Biology,None,Pharmacist,"Patient Counseling, Attention to Detail, Dosage Calculation, Organic Chemistry, Quality Control",Pharmacist,Stable,74,78,79,48,62
27,8th Semester,Economics,None,Chartered Accountant,"Excel Mastery, Financial Reporting, Time Management, Corporate Law, Financial Accounting",Chartered Accountant,Stable,89,78,90,53,73
23,8th Semester,Computer Science,Beginner,Business Analyst,"SQL, Adaptability, Stakeholder Management, Data Analytics, Requirements Gathering",Business Analyst,High Demand,80,89,87,75,74
17,10th,Finance,Intermediate,Financial Analyst,"Financial Statement Analysis, Ratio Analysis, Forecasting, Excel, Market Research, Teamwork, Problem Solving, PowerBI",Financial Analyst,Trending,91,75,91,60,72
17,12th,Physics,Intermediate,Biomedical Engineer,"Materials Science, Communication, Medical Devices, CAD Design, Biomechanics",Biomedical Engineer,Trending,91,71,91,75,67
19,7th Semester,Engineering,Intermediate,Full-Stack Developer,"React, Express, MongoDB, Critical Thinking",Full-Stack Developer,High Demand,99,71,86,77,62
24,Graduate,Mathematics,None,Investment Banker,"Negotiation, Critical Thinking, Excel, M&A Analysis",Investment Banker,High Demand,87,91,98,63,82
20,5th Semester,Biology,Beginner,Biomedical Engineer,"Python, Materials Science, Biology, Biomechanics",Biomedical Engineer,Trending,86,57,87,81,68
21,7th Semester,Mathematics,Intermediate,Aerospace Engineer,"Avionics, Aerodynamics, Propulsion Systems, Structural Analysis",Aerospace Engineer,Emerging,99,70,97,76,68
24,8th Semester,Commerce,None,Investment Banker,"Negotiation, Pitch Decks, Capital Markets, Time Management, Excel, Financial Modeling, Problem Solving, M&A Analysis",Investment Banker,High Demand,78,85,85,59,84
24,8th Semester,Mathematics,Intermediate,Investment Banker,"Adaptability, Radio Communication, High Focus, Flight Navigation",Pilot,Trending,88,77,86,56,81
28,7th Semester,Hospitality,None,Chef,"Food Safety, Menu Engineering, Culinary Techniques, Kitchen Leadership",Chef,Trending,74,75,77,94,78
26,Graduate,Economics,Beginner,Entrepreneur,"Communication, Leadership, Teamwork, Risk Management, Sales & Marketing, Growth Strategy, Pitching & Fundraising, Resilience",Entrepreneur,Emerging,74,92,86,88,90
27,7th Semester,Animation,Advanced,Animator,"Motion Graphics, Character Animation, Texturing, Adaptability, Maya, Storyboarding, Problem Solving, After Effects",Animator,Emerging,86,70,72,92,60
20,2nd Semester,Business Studies,None,Digital Marketer,"Content Strategy, Copywriting, Social Media Marketing",Digital Marketer,High Demand,72,87,77,80,82
20,8th Semester,Computer Science,Advanced,Mobile App Developer,"Android Studio, Kotlin, REST APIs",Mobile App Developer,Trending,96,70,84,73,63
19,6th Semester,Engineering,Beginner,Product Designer,"Circuit Design, Adaptability, Problem Solving, Embedded Systems, Power Systems",Electrical Engineer,High Demand,87,68,83,71,62
26,Postgraduate,Psychology,Intermediate,Lawyer,"Critical Thinking, Contract Drafting, Constitutional Law, Legal Research, Courtroom Advocacy, Argumentation",Lawyer,Stable,84,99,96,68,82
20,5th Semester,Cybersecurity,Intermediate,Cybersecurity Analyst,"Python, Linux, Incident Response, Penetration Testing, Ethical Hacking, Wireshark, Creativity",Cybersecurity Analyst,High Demand,93,63,86,59,63
25,8th Semester,Animation,None,Animator,"Motion Graphics, Character Animation, Communication, Time Management, Texturing, Maya, Blender, After Effects",Animator,Emerging,82,78,82,98,64
24,8th Semester,Chemistry,Intermediate,Pharmacist,"Patient Counseling, Attention to Detail, Dosage Calculation, Time Management, Drug Interactions, Pharmacology, Quality Control",Pharmacist,Stable,86,70,77,58,68
19,8th Semester,Law,None,Journalist,"News Writing, Time Management, Fact Checking, Video Journalism, Investigative Reporting, Interviewing",Journalist,Stable,67,89,91,81,73
28,7th Semester,Psychology,None,Cloud Engineer,"Critical Thinking, Design Thinking, Communication, Wireframing, Interaction Design",UI/UX Designer,High Demand,75,82,80,92,64
28,Postgraduate,Physics,None,Mobile App Developer,"Critical Thinking, Academic Lecturing, Mentorship, Public Speaking, Scientific Publication, Teamwork",Professor,Stable,80,94,88,76,88
24,Graduate,Medical Science,None,Dentist,"Hygiene Standards, Oral Surgery, Dental Anatomy, Diagnostics, Empathy",Dentist,Stable,80,78,79,85,71
23,Graduate,Biology,None,Pharmacist,"Patient Counseling, Attention to Detail, Drug Interactions, Pharmacology, Organic Chemistry, Creativity, Problem Solving, Quality Control",Pharmacist,Stable,72,81,84,53,66
22,4th Semester,Mathematics,Intermediate,Research Scientist,"Critical Thinking, NLP, Adaptability, Algorithms, Calculus, Deep Learning, Machine Learning",AI Engineer,High Demand,99,67,96,82,60
17,1st Semester,Computer Science,Beginner,Business Analyst,"Communication, SQL, Time Management, Process Mapping, Agile/Scrum",Business Analyst,High Demand,78,85,80,71,84
28,Postgraduate,Business Studies,Advanced,Product Manager,"Roadmap Planning, Agile, Adaptability, Leadership, Creativity",Product Manager,Trending,91,98,81,89,95
21,7th Semester,Psychology,Beginner,Psychologist,"Active Listening, Counseling, Creativity, Problem Solving, Empathy",Psychologist,High Demand,75,99,86,68,86
17,1st Semester,Economics,Beginner,Business Analyst,"Business Strategy, Tableau, Process Mapping, Stakeholder Management, Data Analytics, Teamwork, Problem Solving, Requirements Gathering",Business Analyst,High Demand,81,89,91,76,74
19,3rd Semester,Engineering,Advanced,Cybersecurity Analyst,"Python, Linux, Incident Response, Adaptability, Network Security, Wireshark, Problem Solving, Cryptography",Cybersecurity Analyst,High Demand,91,58,83,62,63
23,7th Semester,Law,Beginner,Journalist,"News Writing, Video Journalism, Investigative Reporting",Journalist,Stable,77,99,83,88,73
22,3rd Semester,Mathematics,Intermediate,Aerospace Engineer,"Aerodynamics, CAD Modeling, Avionics, Propulsion Systems, Structural Analysis",Aerospace Engineer,Emerging,94,65,93,84,78
21,8th Semester,Business Studies,Advanced,Investment Banker,"Leadership, Business Model Generation, Resilience",Entrepreneur,Emerging,88,95,95,92,97
22,7th Semester,Engineering,Intermediate,Full-Stack Developer,"Python, Node.js, REST APIs, SQL",Full-Stack Developer,High Demand,95,63,81,75,67
20,2nd Semester,Commerce,None,Chartered Accountant,"Excel Mastery, Financial Analysis, Attention to Detail, Financial Accounting, Auditing",Chartered Accountant,Stable,84,73,91,52,84
20,4th Semester,Engineering,Beginner,Product Designer,"Product Strategy, Industrial Design, Figma, Customer Research",Product Designer,High Demand,78,90,83,99,64
26,8th Semester,Computer Science,None,Entrepreneur,"Risk Management, Teamwork, Creativity, Growth Strategy, Resilience",Entrepreneur,Emerging,69,99,98,94,91
22,Diploma,Engineering,Beginner,Product Designer,"Product Strategy, User Empathy, Figma",Product Designer,High Demand,75,72,88,95,70
22,3rd Semester,Engineering,Beginner,Electrical Engineer,"Critical Thinking, Circuit Design, PCB Design, Embedded Systems, Microcontrollers, Power Systems",Electrical Engineer,High Demand,92,51,86,75,68
27,Postgraduate,Computer Science,Intermediate,Product Designer,"Communication, Metrics & KPIs, Leadership, User Research, Cross-Functional Coordination, Creativity",Product Manager,Trending,86,87,95,83,93
26,7th Semester,Psychology,None,Journalist,"Storytelling, News Writing, Adaptability, Problem Solving, Interviewing",Journalist,Stable,67,98,79,92,74
20,Diploma,Computer Science,Advanced,Data Scientist,"Python, Tableau, Problem Solving, Data Visualization",Data Scientist,High Demand,99,76,87,84,66
20,3rd Semester,Computer Science,Intermediate,Software Developer,"Git, REST APIs, Debugging, Java, Problem Solving, Object-Oriented Programming",Software Developer,High Demand,91,66,84,71,60
21,Diploma,Mathematics,Advanced,Investment Banker,"Time Management, Adaptability, Market Research, Financial Modeling, M&A Analysis",Investment Banker,High Demand,99,88,91,54,88
28,Graduate,Engineering,Beginner,DevOps Engineer,"Cloud Security, Communication, Jenkins, Time Management, GitLab CI, Monitoring",DevOps Engineer,High Demand,88,62,95,58,56
22,5th Semester,Education,None,IAS Officer,"General Studies, Crisis Management, Critical Thinking, Governance",IAS Officer,Stable,75,97,89,65,97
22,4th Semester,Biology,Beginner,Dentist,"Hygiene Standards, Oral Surgery, Teamwork, Patient Communication, Dental Anatomy, Creativity, Diagnostics, Empathy",Dentist,Stable,85,79,79,69,81
28,7th Semester,Chemistry,None,Doctor,"Critical Thinking, Pharmacology, Patient Care, Creativity, Anatomy, Clinical Diagnosis, Empathy",Doctor,High Demand,85,86,88,56,67
17,10th,Chemistry,Intermediate,Doctor,"Medical Ethics, Anatomy, Pharmacology, Empathy",Doctor,High Demand,93,94,81,54,93
22,3rd Semester,Mathematics,Beginner,Software Developer,"Creativity, Git, Problem Solving, C++, Object-Oriented Programming",Software Developer,High Demand,85,69,87,67,64
22,5th Semester,Design,Expert,Mobile App Developer,"Android Studio, Critical Thinking, Communication, Mobile Architecture, Flutter, UI/UX",Mobile App Developer,Trending,99,66,86,70,69
21,2nd Semester,Education,Beginner,Teacher,"Lesson Planning, Communication, Adaptability, Patience, Classroom Management",Teacher,Stable,76,93,79,83,83
20,8th Semester,Physics,Beginner,Astrophysicist,"Cosmology, Numerical Simulation, Python, Astronomical Observation",Astrophysicist,Emerging,92,63,93,68,42
23,Postgraduate,Engineering,Intermediate,Biomedical Engineer,"Materials Science, Communication, Adaptability, CAD Design, Biology, Biomechanics",Biomedical Engineer,Trending,92,70,86,83,68
22,4th Semester,Economics,Intermediate,Business Analyst,"Business Strategy, Tableau, Agile/Scrum, Teamwork, Creativity",Business Analyst,High Demand,85,81,93,70,74
24,Graduate,Mathematics,Advanced,Data Scientist,"Python, Pandas, SQL, Tableau, Scikit-Learn, Time Management, Creativity, Machine Learning",Data Scientist,High Demand,99,86,92,75,69
27,Graduate,Economics,None,Financial Analyst,"Ratio Analysis, Forecasting, Communication, Excel, Python for Finance, Market Research, PowerBI",Financial Analyst,Trending,82,73,92,58,72
20,Diploma,Computer Science,Intermediate,Full-Stack Developer,"Communication, REST APIs, Teamwork, HTML/CSS, Express",Full-Stack Developer,High Demand,89,72,82,81,62
24,7th Semester,Economics,Beginner,Business Analyst,"SQL, Agile/Scrum, Requirements Gathering, Data Analytics",Business Analyst,High Demand,79,81,92,75,80
21,7th Semester,Mathematics,Beginner,Software Developer,"Python, Critical Thinking, Data Structures, Algorithms, Object-Oriented Programming",Software Developer,High Demand,78,68,90,69,73
25,8th Semester,Psychology,None,Psychologist,"Mental Health Assessment, Active Listening, Cognitive Behavioral Therapy, Research Methods",Psychologist,High Demand,61,99,84,74,80
20,2nd Semester,Animation,Intermediate,Animator,"Character Animation, Texturing, Adaptability, Teamwork, 3D Modeling, Maya, Storyboarding",Animator,Emerging,82,74,74,98,54
22,3rd Semester,Economics,None,Chartered Accountant,"Taxation, Financial Reporting, Attention to Detail, Financial Accounting, Creativity",Chartered Accountant,Stable,87,65,90,49,64
28,Graduate,Chemistry,None,Professor,"Academic Lecturing, Mentorship, Public Speaking, Scientific Publication, Pedagogy",Professor,Stable,81,89,92,90,79
21,3rd Semester,Education,None,Journalist,"Storytelling, News Writing, Fact Checking, Video Journalism, Media Ethics",Journalist,Stable,62,99,84,78,68
26,8th Semester,Education,None,Professor,"Research Methodology, Academic Lecturing, Communication, Adaptability, Pedagogy, Curriculum Development",Professor,Stable,76,87,93,75,91
17,1st Semester,Physics,Beginner,Teacher,"Astronomical Observation, Calculus, Quantum Mechanics, Astrophysics",Astrophysicist,Emerging,93,72,92,78,65
23,Postgraduate,Law,None,Journalist,"Storytelling, Critical Thinking, Creativity, Media Ethics, Interviewing",Journalist,Stable,68,99,92,83,67
17,10th,Law,Intermediate,Journalist,"Creativity, Video Journalism, Interviewing, Fact Checking",Journalist,Stable,82,96,83,88,69
20,2nd Semester,Engineering,Advanced,Robotics Engineer,"Sensors & Actuators, Time Management, Mechatronics, Control Systems",Robotics Engineer,High Demand,99,76,88,74,79
25,Postgraduate,Computer Science,Beginner,UI/UX Designer,"User Research, Teamwork, Creativity, Prototyping, Interaction Design",UI/UX Designer,High Demand,78,84,78,89,67
22,8th Semester,Engineering,None,Electrical Engineer,"Signal Processing, MATLAB, Adaptability, PCB Design, Problem Solving, Microcontrollers",Electrical Engineer,High Demand,84,68,87,70,62
25,8th Semester,Engineering,Beginner,DevOps Engineer,"Python, Jenkins, Linux Bash, Creativity, Kubernetes",DevOps Engineer,High Demand,87,63,86,50,57
18,10th,Commerce,Beginner,Data Scientist,"Financial Statement Analysis, Ratio Analysis, Forecasting, Excel, Market Research",Financial Analyst,Trending,85,76,90,62,69
19,8th Semester,Data Science,Advanced,Professor,"Python, Linear Algebra, Time Management, NLP, TensorFlow, Calculus, Machine Learning",AI Engineer,High Demand,99,71,89,72,68
26,Postgraduate,Mathematics,Advanced,Data Scientist,"Python, Pandas, SQL, Statistics, Analytical Thinking",Data Scientist,High Demand,94,73,87,68,59
28,Postgraduate,Education,Beginner,Pharmacist,"Public Speaking, Academic Lecturing, Mentorship",Professor,Stable,93,82,86,79,81
19,4th Semester,Education,None,IAS Officer,"Policy Formulation, Crisis Management, Decision Making",IAS Officer,Stable,76,99,92,71,99
19,5th Semester,Medical Science,None,Dentist,"Manual Dexterity, Oral Surgery, Patient Communication, Dental Anatomy, Diagnostics",Dentist,Stable,83,77,84,69,55
19,2nd Semester,Finance,None,Astrophysicist,"Financial Statement Analysis, Ratio Analysis, Forecasting, Excel, Python for Finance, PowerBI",Financial Analyst,Trending,89,74,83,59,67
22,3rd Semester,Computer Science,Advanced,Full-Stack Developer,"Creativity, Git, MongoDB, REST APIs, HTML/CSS, Express, Node.js",Full-Stack Developer,High Demand,92,69,88,75,66
25,8th Semester,Engineering,Advanced,DevOps Engineer,"Python, Jenkins, Monitoring, Docker, Linux Bash, Kubernetes",DevOps Engineer,High Demand,99,74,89,63,61
20,7th Semester,Law,Intermediate,Lawyer,"Negotiation, Critical Thinking, Time Management, Legal Research, Argumentation",Lawyer,Stable,82,92,94,74,94
18,1st Semester,Engineering,None,Civil Engineer,"AutoCAD, Adaptability, Surveying, Construction Management, Geotechnical Engineering",Civil Engineer,Stable,86,71,85,67,78
28,8th Semester,Chemistry,Beginner,Pharmacist,"Critical Thinking, Dosage Calculation, Time Management, Drug Interactions, Pharmacology, Quality Control",Pharmacist,Stable,86,72,87,54,61
25,8th Semester,Biology,Intermediate,Research Scientist,"Python, Academic Writing, Laboratory Techniques, Critical Analysis, Statistics",Research Scientist,Stable,91,64,96,74,69
17,1st Semester,Computer Science,Advanced,Mobile App Developer,"Python, Adaptability, Problem Solving, Express, Node.js",Full-Stack Developer,High Demand,99,62,79,71,48
25,Graduate,Data Science,Beginner,AI Engineer,"Linear Algebra, Algorithms, Calculus",AI Engineer,High Demand,91,76,92,76,74
27,Graduate,Computer Science,Intermediate,Cloud Engineer,"Python, AWS, Terraform, Docker, Creativity, CI/CD",Cloud Engineer,High Demand,87,67,84,51,63
25,Postgraduate,Design,Intermediate,Mobile App Developer,"Communication, React Native, REST APIs, Mobile Architecture, Problem Solving, UI/UX, Swift",Mobile App Developer,Trending,96,75,76,77,62
24,7th Semester,Engineering,Advanced,Aerospace Engineer,"Creativity, MATLAB, Avionics, Flight Simulation, Problem Solving, Structural Analysis",Aerospace Engineer,Emerging,95,72,95,71,77
21,6th Semester,Design,None,Product Designer,"Photoshop, Communication, Adaptability, Illustrator, Typography",Graphic Designer,Trending,69,72,74,93,66
28,Postgraduate,Education,None,IAS Officer,"Decision Making, General Studies, Leadership, Policy Formulation, Public Administration, Public Communication",IAS Officer,Stable,72,89,94,65,98
18,10th,Mathematics,Intermediate,Professor,"Research Methodology, Curriculum Development, Academic Lecturing",Professor,Stable,88,91,87,71,86
26,Postgraduate,Biology,Beginner,Biomedical Engineer,"Python, Signal Processing, Time Management, Biology, Prosthetics, Teamwork",Biomedical Engineer,Trending,90,67,88,74,75
27,8th Semester,Biology,Intermediate,Research Scientist,"Hypothesis Testing, Python, Academic Writing, Laboratory Techniques, Critical Analysis, Scientific Research",Research Scientist,Stable,95,79,92,67,59
25,Graduate,Psychology,Intermediate,Psychologist,"Active Listening, Counseling, Research Methods, Ethics",Psychologist,High Demand,81,91,84,70,71
27,Graduate,Psychology,Intermediate,Lawyer,"Legal Research, Contract Drafting, Teamwork, Argumentation",Lawyer,Stable,83,94,90,73,90
19,7th Semester,Engineering,Intermediate,Electrical Engineer,"Signal Processing, Circuit Design, Embedded Systems",Electrical Engineer,High Demand,92,64,93,68,65
23,8th Semester,Chemistry,None,Professor,"Research Methodology, Critical Thinking, Mentorship, Public Speaking, Scientific Publication, Problem Solving, Pedagogy",Professor,Stable,83,99,83,70,79
22,7th Semester,Biology,None,Psychologist,"Active Listening, Research Methods, Ethics, Counseling, Cognitive Behavioral Therapy, Empathy",Psychologist,High Demand,71,92,92,73,86
22,3rd Semester,Mathematics,Intermediate,Investment Banker,"Python, Critical Thinking, Academic Writing, Laboratory Techniques, Critical Analysis, Statistics, Teamwork, Scientific Research",Research Scientist,Stable,93,72,94,73,56
20,8th Semester,Psychology,Intermediate,Lawyer,"Contract Drafting, Critical Thinking, Argumentation",Lawyer,Stable,80,99,89,72,82
23,Postgraduate,Computer Science,Beginner,Product Manager,"Time Management, Metrics & KPIs, Leadership, Cross-Functional Coordination, Problem Solving",Product Manager,Trending,78,97,88,86,92
26,Postgraduate,Engineering,Intermediate,Pilot,"High Focus, Spatial Awareness, Time Management, Meteorology, Creativity, Emergency Procedures, Radio Communication, Flight Navigation",Pilot,Trending,84,87,91,57,88
26,Postgraduate,Commerce,None,Financial Analyst,"Financial Statement Analysis, Communication, Excel, Python for Finance, Market Research, PowerBI",Financial Analyst,Trending,76,78,83,56,78
17,10th,Computer Science,Beginner,Product Manager,"Roadmap Planning, Agile, Metrics & KPIs, Problem Solving, Market Strategy",Product Manager,Trending,80,85,94,83,92
24,Postgraduate,Engineering,Intermediate,Aerospace Engineer,"Time Management, MATLAB, Adaptability, CAD Modeling, Flight Simulation, Propulsion Systems, Structural Analysis",Aerospace Engineer,Emerging,98,67,91,81,68
24,8th Semester,Commerce,Beginner,Entrepreneur,"Communication, Business Model Generation, Teamwork, Growth Strategy, Pitching & Fundraising, Resilience",Entrepreneur,Emerging,80,87,91,77,95
27,7th Semester,Physics,None,Teacher,"Patience, Lesson Planning, Student Evaluation",Teacher,Stable,65,93,85,75,80
20,Diploma,Chemistry,Beginner,Chef,"Sensory Evaluation, Time Management, Food Safety, Menu Engineering, Teamwork, Creativity",Chef,Trending,82,64,76,87,79
25,8th Semester,Medical Science,Intermediate,Doctor,"Critical Thinking, Pharmacology, Physiology, Emergency Response, Creativity, Anatomy, Clinical Diagnosis",Doctor,High Demand,88,90,92,56,85
28,Postgraduate,Economics,None,Digital Marketer,"Content Strategy, Social Media Marketing, SEM, Email Campaigns, Google Analytics",Digital Marketer,High Demand,72,81,88,85,65
17,1st Semester,Economics,Intermediate,Digital Marketer,"Social Media Marketing, SEM, Copywriting, PPC Advertising, Creativity",Digital Marketer,High Demand,78,87,74,90,70
21,4th Semester,Physics,None,Civil Engineer,"Structural Analysis, Site Inspection, Adaptability, AutoCAD",Civil Engineer,Stable,79,71,91,61,80
21,7th Semester,Engineering,Advanced,Cloud Engineer,"Linux, Networking, Adaptability, AWS, Terraform, Azure, Creativity",Cloud Engineer,High Demand,99,67,87,58,58
21,2nd Semester,Physics,None,Pilot,"Aircraft Systems, Spatial Awareness, Time Management, Teamwork, Emergency Procedures",Pilot,Trending,89,78,90,60,81
24,8th Semester,Engineering,Intermediate,Robotics Engineer,"Sensors & Actuators, Python, Critical Thinking, ROS, C++, Kinematics, Control Systems",Robotics Engineer,High Demand,99,70,89,84,65
25,7th Semester,Engineering,Beginner,Biomedical Engineer,"Materials Science, Python, Signal Processing, Medical Devices, Adaptability, Biology, Prosthetics",Biomedical Engineer,Trending,91,73,88,77,65
17,1st Semester,Engineering,Intermediate,DevOps Engineer,"Time Management, GitLab CI, Monitoring, Linux Bash, Creativity",DevOps Engineer,High Demand,98,70,87,67,56
19,Diploma,Biology,Beginner,Research Scientist,"Python, Laboratory Techniques, Critical Analysis, Statistics, Teamwork, Scientific Research",Research Scientist,Stable,93,76,96,78,59
24,Graduate,Economics,Intermediate,IAS Officer,"General Studies, Leadership, Crisis Management",IAS Officer,Stable,88,97,96,74,99
23,Graduate,Computer Science,Beginner,AI Engineer,"Usability Testing, Design Systems, User Research, Figma, Interaction Design",UI/UX Designer,High Demand,77,86,81,91,72
27,Postgraduate,Engineering,Beginner,Civil Engineer,"Site Inspection, Geotechnical Engineering, Project Planning",Civil Engineer,Stable,79,71,87,64,78
19,6th Semester,Engineering,Intermediate,Robotics Engineer,"Python, Git, MongoDB, HTML/CSS, Express",Full-Stack Developer,High Demand,89,57,78,79,58
28,Graduate,Artificial Intelligence,Intermediate,Robotics Engineer,"Python, Computer Vision, ROS, Communication, Teamwork, Mechatronics, C++, Control Systems",Robotics Engineer,High Demand,92,73,86,87,64
22,3rd Semester,Business Studies,Beginner,Product Manager,"Adaptability, Metrics & KPIs, Leadership, Product Vision, Problem Solving, Market Strategy",Product Manager,Trending,85,87,92,87,97
22,4th Semester,Computer Science,Expert,AI Engineer,"Linear Algebra, NLP, Algorithms, Deep Learning, PyTorch, Machine Learning",AI Engineer,High Demand,99,67,89,81,74
28,8th Semester,Mathematics,Advanced,Astrophysicist,"Python, Astrophysics, Quantum Mechanics, Problem Solving, Numerical Simulation, Data Modeling",Astrophysicist,Emerging,99,66,93,76,62
24,Postgraduate,Engineering,Intermediate,Aerospace Engineer,"Aerodynamics, Time Management, CAD Modeling, Flight Simulation, Teamwork, Avionics, Propulsion Systems",Aerospace Engineer,Emerging,99,66,92,78,62
23,8th Semester,Engineering,None,Product Designer,"User Empathy, Customer Research, Teamwork, Figma, Prototyping",Product Designer,High Demand,69,83,87,99,71
22,3rd Semester,Economics,Advanced,Business Analyst,"SQL, Tableau, Business Strategy, Process Mapping, Adaptability, Stakeholder Management",Business Analyst,High Demand,98,79,87,65,87
23,Postgraduate,Economics,None,Digital Marketer,"Content Strategy, Copywriting, Social Media Marketing, Communication, Email Campaigns, Google Analytics",Digital Marketer,High Demand,75,86,77,90,68
28,7th Semester,Mathematics,None,Pilot,"High Focus, Adaptability, Meteorology, Creativity, Radio Communication",Pilot,Trending,83,79,94,49,75
26,7th Semester,Animation,None,Graphic Designer,"Visual Identity, Branding, Photoshop, Typography, Creativity, Color Theory",Graphic Designer,Trending,76,78,72,96,63
22,3rd Semester,Design,None,Graphic Designer,"Photoshop, Communication, Layout Design, Typography, Creativity",Graphic Designer,Trending,65,79,82,96,68
18,1st Semester,Computer Science,Intermediate,Cloud Engineer,"Linux, Time Management, Azure, Teamwork, CI/CD",Cloud Engineer,High Demand,92,73,87,59,63
22,7th Semester,Law,Intermediate,Journalist,"Communication, News Writing, Fact Checking, Problem Solving, Interviewing",Journalist,Stable,80,99,92,77,84
28,Graduate,Design,Beginner,UI/UX Designer,"Design Systems, User Research, Figma, Wireframing, Prototyping, Interaction Design",UI/UX Designer,High Demand,78,83,75,93,60
25,Graduate,Physics,Beginner,Mechanical Engineer,"Fluid Mechanics, Material Science, Thermodynamics, SolidWorks",Mechanical Engineer,Stable,80,71,92,74,70
20,8th Semester,Animation,None,Animator,"Character Animation, Maya, Blender, Storyboarding, After Effects",Animator,Emerging,76,75,70,99,67
23,Postgraduate,Design,None,Graphic Designer,"Branding, Photoshop, Layout Design, Illustrator, Teamwork, Color Theory",Graphic Designer,Trending,69,73,70,86,61
21,8th Semester,Computer Science,Intermediate,Cloud Engineer,"Networking, Linux, AWS, Terraform, System Architecture",Cloud Engineer,High Demand,89,67,84,69,62
24,7th Semester,Psychology,None,Lawyer,"Contract Drafting, Constitutional Law, Legal Research, Courtroom Advocacy, Argumentation",Lawyer,Stable,74,93,93,72,79
23,Graduate,Mathematics,Beginner,Electrical Engineer,"Circuit Design, Problem Solving, Embedded Systems, Microcontrollers, Power Systems",Electrical Engineer,High Demand,91,71,89,73,65
20,Diploma,Computer Science,Beginner,Electrical Engineer,"Python, Critical Thinking, Time Management, Java, Problem Solving",Software Developer,High Demand,89,63,91,73,65
27,7th Semester,Engineering,Intermediate,DevOps Engineer,"GitLab CI, Monitoring, Linux Bash, Infrastructure as Code, Kubernetes",DevOps Engineer,High Demand,93,64,86,64,63
25,Graduate,Physics,Intermediate,Teacher,"Critical Thinking, Lesson Planning, Patience, Child Psychology, Student Evaluation, Problem Solving, Classroom Management, Empathy",Teacher,Stable,74,96,76,74,78
28,8th Semester,Biology,Intermediate,Biomedical Engineer,"Python, Creativity, Signal Processing, CAD Design",Biomedical Engineer,Trending,94,79,85,80,73
23,Postgraduate,Biology,Beginner,Biomedical Engineer,"Critical Thinking, Manual Dexterity, Oral Surgery, Dental Anatomy, Problem Solving, Diagnostics",Dentist,Stable,81,83,87,70,75
27,7th Semester,Business Studies,None,Entrepreneur,"Content Strategy, Copywriting, Critical Thinking, SEM, SEO",Digital Marketer,High Demand,68,84,80,77,65
25,7th Semester,Chemistry,Beginner,Chef,"Creativity, Sensory Evaluation, Culinary Techniques",Chef,Trending,81,71,75,94,80
18,1st Semester,Physics,Advanced,Robotics Engineer,"Communication, Kinematics, Control Systems, ROS",Robotics Engineer,High Demand,99,69,87,88,68
23,Graduate,Chemistry,None,Pharmacist,"Communication, Time Management, Culinary Techniques, Kitchen Leadership, Food Safety, Problem Solving",Chef,Trending,69,72,82,84,85
27,7th Semester,Business Studies,None,Product Designer,"User Empathy, Prototyping, Time Management, Product Strategy, Problem Solving, Industrial Design, Figma",Product Designer,High Demand,71,85,81,94,75
25,Postgraduate,Physics,Beginner,Aerospace Engineer,"Adaptability, Flight Simulation, Problem Solving, Propulsion Systems, Structural Analysis",Aerospace Engineer,Emerging,93,72,94,76,66
23,Graduate,Biology,Beginner,Biomedical Engineer,"Materials Science, Signal Processing, Prosthetics, Biomechanics, Teamwork",Biomedical Engineer,Trending,87,68,91,78,71
21,Diploma,Medical Science,Beginner,Pharmacist,"Communication, Attention to Detail, Drug Interactions, Pharmacology, Adaptability, Organic Chemistry",Pharmacist,Stable,80,71,89,54,67
18,12th,Artificial Intelligence,Advanced,AI Engineer,"Python, TensorFlow, Calculus, Teamwork, Deep Learning, PyTorch, Machine Learning",AI Engineer,High Demand,99,56,94,78,68
26,8th Semester,Computer Science,Advanced,DevOps Engineer,"Python, Jenkins, GitLab CI, Docker, Linux Bash",DevOps Engineer,High Demand,99,63,89,61,61
21,6th Semester,Economics,Advanced,Digital Marketer,"Social Media Marketing, SEM, Copywriting, SEO",Digital Marketer,High Demand,90,94,74,87,75
27,7th Semester,Chemistry,None,Dentist,"Dental Anatomy, Manual Dexterity, Diagnostics, Empathy",Dentist,Stable,74,81,92,68,82
17,1st Semester,Economics,Advanced,Digital Marketer,"Content Strategy, Social Media Marketing, SEM, PPC Advertising, SEO, Teamwork, Google Analytics",Digital Marketer,High Demand,86,88,81,89,72
28,7th Semester,Mathematics,Intermediate,Investment Banker,"Aerodynamics, Flight Simulation, Avionics, Propulsion Systems, Structural Analysis",Aerospace Engineer,Emerging,92,73,95,81,66
24,Graduate,Computer Science,Intermediate,IAS Officer,"SQL, Tableau, Scikit-Learn, Statistics, R",Data Scientist,High Demand,93,74,94,78,68
26,7th Semester,Commerce,None,Chartered Accountant,"Excel Mastery, Financial Reporting, Attention to Detail, Corporate Law, Teamwork, Financial Accounting, Auditing",Chartered Accountant,Stable,89,68,89,58,72
19,2nd Semester,Computer Science,Expert,Cybersecurity Analyst,"Python, Incident Response, Penetration Testing, Creativity, Cryptography",Cybersecurity Analyst,High Demand,99,62,87,65,63
26,7th Semester,Economics,Intermediate,DevOps Engineer,"Python, Pandas, Data Visualization, Adaptability, Statistics",Data Scientist,High Demand,93,83,97,64,69
27,Graduate,Economics,Advanced,Data Scientist,"Pandas, Data Visualization, Analytical Thinking, Statistics, Teamwork, Machine Learning",Data Scientist,High Demand,99,74,92,66,59
23,Graduate,Chemistry,None,Chef,"Time Management, Food Safety, Menu Engineering, Sensory Evaluation",Chef,Trending,69,76,83,95,67
22,5th Semester,Design,Advanced,UI/UX Designer,"Branding, Photoshop, Critical Thinking, Communication, Layout Design, Color Theory",Graphic Designer,Trending,84,75,75,98,65
21,2nd Semester,Chemistry,None,Doctor,"Critical Thinking, Communication, Pharmacology, Adaptability, Physiology, Empathy",Doctor,High Demand,85,87,93,54,74
24,7th Semester,Psychology,None,Journalist,"News Writing, Critical Thinking, Video Journalism, Media Ethics",Journalist,Stable,62,92,84,87,70
23,Graduate,Computer Science,Beginner,Full-Stack Developer,"React, Critical Thinking, MongoDB, Teamwork, HTML/CSS, Express",Full-Stack Developer,High Demand,87,78,83,91,73
23,Graduate,Mathematics,None,Mechanical Engineer,"Problem Solving, Thermodynamics, SolidWorks",Mechanical Engineer,Stable,82,74,81,65,63
22,5th Semester,Computer Science,Beginner,Product Manager,"Agile, Leadership, User Research, Cross-Functional Coordination, Creativity, Market Strategy",Product Manager,Trending,88,90,87,92,88
18,10th,Mathematics,None,Professor,"Research Methodology, Critical Thinking, Mentorship, Public Speaking, Scientific Publication, Teamwork, Pedagogy, Curriculum Development",Professor,Stable,75,87,96,72,90
27,7th Semester,Commerce,None,Entrepreneur,"Taxation, Financial Reporting, Financial Accounting, Creativity, Auditing",Chartered Accountant,Stable,81,71,93,50,73
18,10th,Hospitality,None,Chef,"Creativity, Time Management, Menu Engineering",Chef,Trending,70,74,82,98,77
25,Graduate,Finance,Advanced,Chartered Accountant,"Adaptability, Corporate Law, Excel Mastery, Taxation",Chartered Accountant,Stable,98,70,90,46,77
22,5th Semester,Design,None,Animator,"Character Animation, Texturing, 3D Modeling, Storyboarding, After Effects",Animator,Emerging,81,73,73,98,53
17,10th,Chemistry,Beginner,Research Scientist,"Hypothesis Testing, Statistics, Data Analysis",Research Scientist,Stable,86,75,97,90,67
20,8th Semester,Hospitality,None,Professor,"Sensory Evaluation, Time Management, Culinary Techniques, Food Safety, Menu Engineering, Creativity",Chef,Trending,66,77,73,94,80
20,5th Semester,Education,Advanced,Teacher,"Lesson Planning, Communication, Patience, Classroom Management, Empathy",Teacher,Stable,88,97,83,86,82
25,Graduate,Psychology,None,Lawyer,"Negotiation, Critical Thinking, Communication, Contract Drafting, Legal Research, Courtroom Advocacy",Lawyer,Stable,75,97,95,70,91
21,Diploma,Chemistry,Beginner,Research Scientist,"Critical Analysis, Python, Hypothesis Testing",Research Scientist,Stable,92,79,88,72,75
24,8th Semester,Design,Beginner,Animator,"Motion Graphics, Texturing, Adaptability, Maya, Blender, Storyboarding, After Effects",Animator,Emerging,86,63,79,99,69
21,4th Semester,Mathematics,Intermediate,Electrical Engineer,"Time Management, MATLAB, PCB Design, Teamwork, Embedded Systems, Power Systems",Electrical Engineer,High Demand,85,70,87,72,73
21,8th Semester,Chemistry,None,Doctor,"Communication, Pharmacology, Medical Ethics, Emergency Response, Creativity",Doctor,High Demand,84,94,94,64,82
18,12th,Mathematics,None,Professor,"Adaptability, Project Planning, Teamwork, Surveying, Structural Analysis",Civil Engineer,Stable,74,72,90,62,74
28,8th Semester,Physics,Advanced,Robotics Engineer,"Sensors & Actuators, Problem Solving, Python, Kinematics",Robotics Engineer,High Demand,99,65,93,85,61
23,8th Semester,Psychology,None,Lawyer,"Negotiation, Public Speaking, Courtroom Advocacy, Argumentation",Lawyer,Stable,70,98,94,69,67
23,7th Semester,Finance,Beginner,Financial Analyst,"Ratio Analysis, Forecasting, Excel, Market Research",Financial Analyst,Trending,81,73,83,59,68
21,3rd Semester,Business Studies,None,Digital Marketer,"Social Media Marketing, SEM, PPC Advertising, Email Campaigns, SEO, Google Analytics",Digital Marketer,High Demand,73,94,79,80,58
22,2nd Semester,Education,Beginner,Professor,"Academic Lecturing, Mentorship, Public Speaking, Scientific Publication, Curriculum Development",Professor,Stable,84,97,84,78,74
19,8th Semester,Cybersecurity,Advanced,Cybersecurity Analyst,"Network Security, Linux, Penetration Testing",Cybersecurity Analyst,High Demand,99,59,87,59,64
23,7th Semester,Data Science,Advanced,Data Scientist,"Scikit-Learn, Tableau, Time Management, Statistics, Teamwork",Data Scientist,High Demand,99,78,91,76,61
26,Graduate,Business Studies,Intermediate,Digital Marketer,"Content Strategy, Copywriting, SEM, Social Media Marketing, Critical Thinking, Communication, Email Campaigns, SEO",Digital Marketer,High Demand,82,85,74,81,71
27,Postgraduate,Computer Science,None,Business Analyst,"Tableau, Stakeholder Management, Requirements Gathering, Business Strategy",Business Analyst,High Demand,75,95,84,74,70
18,10th,Psychology,Beginner,UI/UX Designer,"Usability Testing, User Research, Creativity, Visual Hierarchy, Interaction Design",UI/UX Designer,High Demand,76,80,74,97,58
18,1st Semester,Biology,None,Dentist,"Communication, Dental Anatomy, Problem Solving, Diagnostics, Empathy",Dentist,Stable,79,80,82,72,65
25,Postgraduate,Mathematics,None,Mechanical Engineer,"AutoCAD, Manufacturing, Material Science, Robotics, Problem Solving, SolidWorks",Mechanical Engineer,Stable,77,67,81,71,66
20,5th Semester,Physics,Beginner,Civil Engineer,"Critical Thinking, AutoCAD, Fluid Mechanics, Manufacturing, Material Science, Teamwork, Robotics, SolidWorks",Mechanical Engineer,Stable,76,67,91,62,71
22,4th Semester,Mathematics,None,Pilot,"High Focus, Meteorology, Teamwork, Emergency Procedures, Flight Navigation",Pilot,Trending,86,78,90,63,87
26,Graduate,Engineering,None,Civil Engineer,"Critical Thinking, AutoCAD, Time Management, Site Inspection, Project Planning, Surveying, Construction Management, Structural Analysis",Civil Engineer,Stable,77,69,85,66,72
17,10th,Computer Science,Expert,DevOps Engineer,"Python, Jenkins, Adaptability, GitLab CI, Monitoring, Docker, Linux Bash",DevOps Engineer,High Demand,99,62,84,63,78
18,12th,Medical Science,None,Dentist,"Adaptability, Oral Surgery, Patient Communication, Diagnostics, Empathy",Dentist,Stable,76,84,86,64,73
23,Postgraduate,Economics,Intermediate,Chartered Accountant,"Taxation, Financial Reporting, Attention to Detail, Financial Analysis, Adaptability, Corporate Law, Problem Solving",Chartered Accountant,Stable,87,78,92,55,76
23,Postgraduate,Mathematics,Expert,AI Engineer,"Linear Algebra, Deep Learning, Machine Learning",AI Engineer,High Demand,99,71,96,75,70
26,8th Semester,Education,None,IAS Officer,"Decision Making, Communication, General Studies, Crisis Management, Adaptability, Leadership, Policy Formulation, Public Communication",IAS Officer,Stable,76,87,96,67,99
23,8th Semester,Engineering,Intermediate,Full-Stack Developer,"Linux, Terraform, System Architecture, Kubernetes, CI/CD",Cloud Engineer,High Demand,91,66,83,73,47
22,7th Semester,Physics,Beginner,Pilot,"High Focus, Aircraft Systems, Spatial Awareness, Emergency Procedures, Radio Communication, Flight Navigation",Pilot,Trending,89,78,97,51,79
19,2nd Semester,Computer Science,Advanced,Professor,"Creativity, Linux, Kubernetes, Azure",Cloud Engineer,High Demand,99,63,83,61,66
18,10th,Mathematics,Beginner,Data Scientist,"Pandas, SQL, Tableau, Scikit-Learn, Statistics, Machine Learning",Data Scientist,High Demand,94,79,92,76,64
22,7th Semester,Physics,None,Professor,"High Focus, Flight Navigation, Aircraft Systems",Pilot,Trending,80,87,92,53,97
23,7th Semester,Engineering,None,Mechanical Engineer,"Critical Thinking, AutoCAD, Material Science, Teamwork, Robotics",Mechanical Engineer,Stable,83,70,88,73,64
20,8th Semester,Mathematics,Beginner,Mechanical Engineer,"Robotics, Material Science, Fluid Mechanics",Mechanical Engineer,Stable,81,66,93,76,74
22,3rd Semester,Computer Science,Intermediate,Full-Stack Developer,"Python, React, MongoDB, Adaptability, REST APIs, HTML/CSS",Full-Stack Developer,High Demand,92,71,87,76,63
23,8th Semester,Biology,None,Research Scientist,"Active Listening, Mental Health Assessment, Ethics, Counseling, Empathy",Psychologist,High Demand,76,98,94,72,86
19,5th Semester,Education,None,IAS Officer,"Decision Making, Governance, Adaptability, Leadership, Public Administration, Public Communication",IAS Officer,Stable,77,95,94,71,92
18,12th,Mathematics,Intermediate,Mechanical Engineer,"Fluid Mechanics, Manufacturing, Adaptability, Material Science, Teamwork, Robotics",Mechanical Engineer,Stable,82,59,89,71,71
20,3rd Semester,Computer Science,Intermediate,Cybersecurity Analyst,"Incident Response, Penetration Testing, Communication, Firewalls, Network Security, Ethical Hacking",Cybersecurity Analyst,High Demand,99,70,76,65,66
17,1st Semester,Physics,None,Pilot,"High Focus, Meteorology, Emergency Procedures, Radio Communication, Flight Navigation",Pilot,Trending,80,84,95,51,69
26,8th Semester,Mathematics,None,Full-Stack Developer,"Spatial Awareness, Radio Communication, Flight Navigation, Meteorology",Pilot,Trending,87,87,96,53,81
21,3rd Semester,Physics,Intermediate,Astrophysicist,"Cosmology, Python, Astronomical Observation, Calculus, Numerical Simulation, Data Modeling",Astrophysicist,Emerging,94,69,99,82,61
19,4th Semester,Biology,None,Professor,"Hygiene Standards, Manual Dexterity, Patient Communication, Dental Anatomy, Empathy",Dentist,Stable,76,79,85,69,75
21,Diploma,Commerce,None,Chartered Accountant,"Taxation, Adaptability, Corporate Law, Financial Accounting, Auditing",Chartered Accountant,Stable,88,69,90,57,63
20,3rd Semester,Physics,Beginner,Astrophysicist,"High Focus, Spatial Awareness, Meteorology, Emergency Procedures, Radio Communication, Flight Navigation",Pilot,Trending,90,89,91,59,89
28,Graduate,Engineering,Beginner,Electrical Engineer,"Signal Processing, Circuit Design, MATLAB, Adaptability, PCB Design, Embedded Systems, Microcontrollers",Electrical Engineer,High Demand,86,72,93,71,73
27,8th Semester,Design,None,Animator,"Teamwork, 3D Modeling, After Effects, Blender",Animator,Emerging,72,66,74,88,60
27,Postgraduate,Engineering,Beginner,Electrical Engineer,"Signal Processing, MATLAB, Microcontrollers",Electrical Engineer,High Demand,90,66,84,70,73
22,2nd Semester,Computer Science,Intermediate,DevOps Engineer,"Cloud Security, Adaptability, GitLab CI, Monitoring, Docker, Infrastructure as Code, Problem Solving",DevOps Engineer,High Demand,98,72,82,59,65
26,7th Semester,Medical Science,None,Dentist,"Pharmacology, Patient Care, Creativity, Anatomy, Empathy",Doctor,High Demand,79,95,94,60,86
27,7th Semester,Engineering,Advanced,Full-Stack Developer,"Git, SQL, JavaScript, REST APIs, Problem Solving, Node.js",Full-Stack Developer,High Demand,99,61,88,84,63
18,1st Semester,Design,Intermediate,Animator,"Visual Identity, Creativity, Illustrator, Communication",Graphic Designer,Trending,82,76,74,88,48
18,10th,Economics,None,Digital Marketer,"Financial Statement Analysis, Ratio Analysis, Forecasting, Excel, Python for Finance, PowerBI",Financial Analyst,Trending,75,81,89,62,71
19,2nd Semester,Business Studies,Beginner,Digital Marketer,"Content Strategy, Social Media Marketing, Email Campaigns, SEO, Teamwork, Google Analytics",Digital Marketer,High Demand,83,90,76,83,87
27,Postgraduate,Mathematics,Intermediate,Aerospace Engineer,"Aerodynamics, Time Management, MATLAB, Flight Simulation, Propulsion Systems, Structural Analysis",Aerospace Engineer,Emerging,94,73,93,76,75
24,7th Semester,Medical Science,None,Pharmacist,"Attention to Detail, Teamwork, Drug Interactions, Patient Counseling",Pharmacist,Stable,78,69,81,60,58
28,Graduate,Animation,Intermediate,Graphic Designer,"Communication, Layout Design, Illustrator, Problem Solving, Color Theory",Graphic Designer,Trending,84,76,74,99,63
21,6th Semester,Physics,Intermediate,Mechanical Engineer,"AutoCAD, Fluid Mechanics, Time Management, Thermodynamics, Material Science, Robotics, Problem Solving",Mechanical Engineer,Stable,90,66,95,69,68
28,Postgraduate,Physics,Advanced,Electrical Engineer,"Signal Processing, Communication, Circuit Design, PCB Design, Power Systems",Electrical Engineer,High Demand,94,58,81,70,65
18,12th,Mathematics,Advanced,Investment Banker,"Numerical Simulation, Calculus, Quantum Mechanics",Astrophysicist,Emerging,98,67,95,75,63
26,8th Semester,Law,Beginner,Lawyer,"Negotiation, Constitutional Law, Public Speaking, Courtroom Advocacy, Argumentation",Lawyer,Stable,70,99,97,78,91
25,7th Semester,Law,Beginner,Lawyer,"Negotiation, Constitutional Law, Adaptability, Public Speaking",Lawyer,Stable,74,99,85,61,80
22,7th Semester,Economics,Intermediate,Financial Analyst,"Financial Statement Analysis, Ratio Analysis, Excel, Teamwork, PowerBI",Financial Analyst,Trending,91,78,90,56,73
27,Graduate,Engineering,Intermediate,Cloud Engineer,"Python, AWS, Docker",Cloud Engineer,High Demand,96,66,80,74,60
23,Postgraduate,Mathematics,Beginner,Civil Engineer,"AutoCAD, Project Planning, Surveying, Geotechnical Engineering, Structural Analysis",Civil Engineer,Stable,86,76,80,69,78
24,7th Semester,Business Studies,Intermediate,Chartered Accountant,"Agile, Leadership, Product Vision, Teamwork, Cross-Functional Coordination, Problem Solving, Market Strategy",Product Manager,Trending,90,90,86,82,88
17,12th,Mathematics,None,Pilot,"Aircraft Systems, Communication, Meteorology, Teamwork, Emergency Procedures, Radio Communication",Pilot,Trending,85,80,91,62,87
27,7th Semester,Computer Science,Intermediate,Full-Stack Developer,"Time Management, HTML/CSS, Express, MongoDB",Full-Stack Developer,High Demand,95,66,82,75,52
22,7th Semester,Computer Science,Intermediate,Product Manager,"Critical Thinking, Roadmap Planning, Communication, Agile, Leadership, Product Vision, Market Strategy",Product Manager,Trending,89,96,89,81,87
26,8th Semester,Computer Science,Intermediate,Mobile App Developer,"Flutter, REST APIs, Swift",Mobile App Developer,Trending,88,59,77,79,62
28,7th Semester,Commerce,None,Astrophysicist,"Financial Statement Analysis, Forecasting, Excel, Market Research",Financial Analyst,Trending,84,72,85,50,77
20,7th Semester,Data Science,Expert,Data Scientist,"Pandas, Tableau, Teamwork, Problem Solving, Machine Learning",Data Scientist,High Demand,99,68,93,73,64
21,5th Semester,Engineering,None,Product Designer,"User Empathy, Prototyping, Critical Thinking, Product Strategy, Problem Solving, Industrial Design, Figma",Product Designer,High Demand,77,89,89,86,77
19,3rd Semester,Mathematics,Beginner,Teacher,"Critical Thinking, Lesson Planning, Patience, Child Psychology, Problem Solving, Classroom Management",Teacher,Stable,73,99,83,84,81
19,8th Semester,Engineering,Advanced,DevOps Engineer,"Python, CAD Design, Biology, Medical Devices",Biomedical Engineer,Trending,99,65,88,71,66
21,4th Semester,Chemistry,None,Doctor,"Critical Thinking, Pharmacology, Physiology, Patient Care, Clinical Diagnosis",Doctor,High Demand,79,85,88,70,86
25,8th Semester,Design,None,Animator,"Motion Graphics, Communication, Texturing, 3D Modeling, Maya, Storyboarding",Animator,Emerging,73,70,81,87,60
20,Diploma,Engineering,Intermediate,DevOps Engineer,"Communication, Jenkins, Monitoring, Docker, Problem Solving",DevOps Engineer,High Demand,93,66,85,64,60
18,12th,Psychology,None,Psychologist,"Active Listening, Communication, Research Methods, Ethics, Counseling, Cognitive Behavioral Therapy, Empathy",Psychologist,High Demand,66,92,89,74,81
17,1st Semester,Computer Science,Expert,Mobile App Developer,"Android Studio, Time Management, React Native, REST APIs, Kotlin, UI/UX, Swift",Mobile App Developer,Trending,99,61,75,75,67
18,1st Semester,Animation,Beginner,Graphic Designer,"Branding, Visual Identity, Layout Design, Typography, Creativity, Problem Solving",Graphic Designer,Trending,84,75,81,94,58
22,4th Semester,Biology,None,Dentist,"Pharmacology, Medical Ethics, Patient Care, Creativity, Anatomy, Empathy",Doctor,High Demand,77,89,89,56,82
18,1st Semester,Law,Advanced,Lawyer,"Negotiation, Public Speaking, Legal Research",Lawyer,Stable,89,95,95,70,89
23,Graduate,Engineering,Intermediate,Aerospace Engineer,"Critical Thinking, Communication, CAD Modeling, Propulsion Systems, Structural Analysis",Aerospace Engineer,Emerging,98,72,93,74,71
21,8th Semester,Computer Science,Advanced,AI Engineer,"Python, Linear Algebra, NLP, Calculus",AI Engineer,High Demand,99,61,85,82,67
25,Graduate,Computer Science,None,Entrepreneur,"Time Management, Business Model Generation, Risk Management, Sales & Marketing, Problem Solving, Growth Strategy",Entrepreneur,Emerging,71,89,91,88,86
23,Graduate,Mathematics,Intermediate,Investment Banker,"Capital Markets, Creativity, Market Research, Financial Modeling, Problem Solving, M&A Analysis",Investment Banker,High Demand,92,94,88,64,91
25,Postgraduate,Education,None,Teacher,"Patience, Child Psychology, Empathy",Teacher,Stable,70,91,85,78,87
19,4th Semester,Physics,Intermediate,Aerospace Engineer,"CAD Modeling, Aerodynamics, Structural Analysis",Aerospace Engineer,Emerging,94,70,92,83,83
18,10th,Computer Science,Expert,Mobile App Developer,"Android Studio, Git, React Native, REST APIs, Kotlin, Mobile Architecture",Mobile App Developer,Trending,98,69,81,78,67
27,Postgraduate,Psychology,Beginner,Lawyer,"Active Listening, Counseling, Research Methods, Empathy",Psychologist,High Demand,75,93,87,77,78
19,3rd Semester,Physics,None,Civil Engineer,"AutoCAD, Site Inspection, Project Planning, Surveying, Construction Management, Problem Solving, Structural Analysis",Civil Engineer,Stable,81,67,85,67,66
24,Graduate,Medical Science,None,Pharmacist,"Drug Interactions, Pharmacology, Quality Control",Pharmacist,Stable,78,74,82,58,73
17,10th,Physics,Advanced,Aerospace Engineer,"Aerodynamics, MATLAB, Propulsion Systems, Structural Analysis",Aerospace Engineer,Emerging,95,71,99,89,67
18,1st Semester,Design,Beginner,Animator,"Storyboarding, Motion Graphics, After Effects, Maya",Animator,Emerging,84,68,74,99,61
22,8th Semester,Mathematics,Beginner,Mechanical Engineer,"Critical Thinking, AutoCAD, Fluid Mechanics, Thermodynamics, Material Science, Problem Solving, SolidWorks",Mechanical Engineer,Stable,82,72,83,83,63
19,3rd Semester,Chemistry,None,Teacher,"Lesson Planning, Communication, Time Management, Patience, Student Evaluation, Classroom Management, Empathy",Teacher,Stable,68,91,84,75,82
21,7th Semester,Engineering,Beginner,Aerospace Engineer,"Aerodynamics, MATLAB, Propulsion Systems, Structural Analysis",Aerospace Engineer,Emerging,89,71,89,79,73
18,1st Semester,Engineering,Advanced,Product Designer,"Industrial Design, Adaptability, Customer Research, Product Strategy, Figma, Iterative Design, Prototyping",Product Designer,High Demand,86,79,82,96,62
24,8th Semester,Physics,Beginner,Astrophysicist,"Astronomical Observation, Calculus, Astrophysics",Astrophysicist,Emerging,92,58,92,76,64
27,Postgraduate,Data Science,Intermediate,AI Engineer,"Neural Networks, Deep Learning, NLP, PyTorch",AI Engineer,High Demand,99,66,92,82,57
24,7th Semester,Mathematics,Intermediate,Product Designer,"Object-Oriented Programming, Data Structures, Git, Communication",Software Developer,High Demand,94,60,85,62,53
21,6th Semester,Finance,None,Aerospace Engineer,"Financial Statement Analysis, Forecasting, Excel, Python for Finance, Market Research, PowerBI",Financial Analyst,Trending,84,70,85,57,72
22,2nd Semester,Economics,None,Entrepreneur,"Sales & Marketing, Leadership, Pitching & Fundraising, Resilience",Entrepreneur,Emerging,66,83,95,92,99
25,Graduate,Commerce,Beginner,Chartered Accountant,"Excel Mastery, Taxation, Attention to Detail, Financial Analysis, Time Management, Financial Accounting, Auditing",Chartered Accountant,Stable,92,74,92,50,77
18,12th,Law,Intermediate,Journalist,"Storytelling, Communication, News Writing, Fact Checking, Video Journalism, Media Ethics",Journalist,Stable,71,92,80,80,80
21,2nd Semester,Psychology,Beginner,Psychologist,"Communication, Mental Health Assessment, Research Methods, Ethics, Problem Solving",Psychologist,High Demand,69,92,88,76,85
20,Diploma,Computer Science,Advanced,Product Manager,"Python, Time Management, Linux, Incident Response",Cybersecurity Analyst,High Demand,99,58,91,71,61
24,Postgraduate,Psychology,Beginner,Psychologist,"Active Listening, Mental Health Assessment, Research Methods, Counseling, Cognitive Behavioral Therapy, Creativity",Psychologist,High Demand,76,91,88,80,79
20,7th Semester,Biology,Intermediate,Doctor,"Physiology, Anatomy, Critical Thinking, Pharmacology",Doctor,High Demand,89,86,91,61,77
27,8th Semester,Biology,Intermediate,Doctor,"Patient Care, Critical Thinking, Pharmacology, Physiology",Doctor,High Demand,91,89,87,62,83
17,10th,Design,Beginner,UI/UX Designer,"User Research, Design Systems, Visual Hierarchy",UI/UX Designer,High Demand,86,89,78,92,64
27,Postgraduate,Computer Science,Intermediate,Cloud Engineer,"Adaptability, AWS, Terraform, Teamwork, Azure, System Architecture, CI/CD",Cloud Engineer,High Demand,90,61,81,60,70
21,7th Semester,Medical Science,Beginner,Pharmacist,"Attention to Detail, Dosage Calculation, Drug Interactions, Pharmacology, Organic Chemistry, Quality Control",Pharmacist,Stable,81,65,87,55,66
21,4th Semester,Biology,Beginner,Biomedical Engineer,"Materials Science, Signal Processing, Medical Devices, Adaptability, CAD Design, Biology, Prosthetics, Teamwork",Biomedical Engineer,Trending,89,76,89,79,71
18,12th,Chemistry,Beginner,Pharmacist,"Time Management, Menu Engineering, Kitchen Leadership",Chef,Trending,79,80,79,87,86
18,12th,Computer Science,Advanced,Data Scientist,"Time Management, Pandas, R, Data Visualization",Data Scientist,High Demand,99,75,92,66,58
28,7th Semester,Design,None,UI/UX Designer,"Design Thinking, Usability Testing, User Research, Visual Hierarchy, Prototyping",UI/UX Designer,High Demand,78,83,78,99,62
28,7th Semester,Computer Science,Intermediate,Software Developer,"Data Structures, Debugging, C++, Python",Software Developer,High Demand,98,56,92,61,65
19,3rd Semester,Engineering,Intermediate,Mobile App Developer,"Git, Time Management, Kotlin, Teamwork, Flutter, Swift",Mobile App Developer,Trending,90,68,86,82,56
21,5th Semester,Engineering,Intermediate,Electrical Engineer,"Signal Processing, Circuit Design, MATLAB, Teamwork, Embedded Systems, Microcontrollers, Power Systems",Electrical Engineer,High Demand,99,68,84,63,52
19,6th Semester,Medical Science,Intermediate,Doctor,"Patient Care, Anatomy, Pharmacology",Doctor,High Demand,90,89,87,62,85
24,Graduate,Mathematics,Advanced,Aerospace Engineer,"Aerodynamics, Adaptability, CAD Modeling, Flight Simulation, Avionics, Propulsion Systems, Structural Analysis",Aerospace Engineer,Emerging,99,64,89,78,75
24,Graduate,Economics,Expert,Product Manager,"Python, Analytical Thinking, Statistics, Problem Solving, Machine Learning",Data Scientist,High Demand,97,78,90,70,63
18,12th,Computer Science,Expert,Mobile App Developer,"Git, React Native, REST APIs, Kotlin, Problem Solving, Swift",Mobile App Developer,Trending,96,65,79,86,70
27,7th Semester,Engineering,None,Product Designer,"Product Strategy, User Empathy, Figma, Communication",Product Designer,High Demand,74,91,80,87,71
20,6th Semester,Commerce,None,Digital Marketer,"Content Strategy, Copywriting, SEM, Critical Thinking, PPC Advertising, Time Management, Email Campaigns",Digital Marketer,High Demand,76,92,84,87,68
23,Postgraduate,Finance,None,Financial Analyst,"Financial Statement Analysis, Ratio Analysis, Excel, Market Research, PowerBI",Financial Analyst,Trending,84,82,88,51,79
18,10th,Economics,None,Financial Analyst,"Financial Statement Analysis, Ratio Analysis, PowerBI, Excel",Financial Analyst,Trending,80,70,85,55,60
27,7th Semester,Mathematics,Intermediate,Mechanical Engineer,"AutoCAD, Thermodynamics, Material Science, Robotics, Problem Solving, SolidWorks",Mechanical Engineer,Stable,85,62,82,76,84
28,Graduate,Biology,None,Pharmacist,"Critical Thinking, Patient Counseling, Attention to Detail, Dosage Calculation, Teamwork, Organic Chemistry",Pharmacist,Stable,84,79,85,50,71
23,Postgraduate,Physics,Beginner,Aerospace Engineer,"Python, Cosmology, Astrophysics, Communication, Teamwork, Data Modeling",Astrophysicist,Emerging,99,72,95,76,53
18,10th,Education,None,Software Developer,"Adaptability, Public Speaking, Pedagogy, Curriculum Development",Professor,Stable,79,91,87,74,93
28,7th Semester,Design,None,Graphic Designer,"Branding, Photoshop, Layout Design, Typography, Creativity",Graphic Designer,Trending,69,89,76,89,62
22,Diploma,Medical Science,None,Pharmacist,"Organic Chemistry, Dosage Calculation, Attention to Detail",Pharmacist,Stable,82,76,83,59,56
20,Diploma,Business Studies,Advanced,Product Manager,"Roadmap Planning, Adaptability, Metrics & KPIs, Product Vision, User Research, Cross-Functional Coordination, Market Strategy",Product Manager,Trending,99,97,88,84,85
27,8th Semester,Physics,None,Professor,"Critical Thinking, Academic Lecturing, Communication, Public Speaking, Pedagogy, Curriculum Development",Professor,Stable,78,85,86,73,86
22,5th Semester,Engineering,Intermediate,Product Designer,"User Empathy, Iterative Design, Product Strategy, Industrial Design, Figma",Product Designer,High Demand,79,84,86,99,72
26,8th Semester,Computer Science,Advanced,DevOps Engineer,"Python, Jenkins, Docker, Linux Bash, Infrastructure as Code",DevOps Engineer,High Demand,97,67,89,67,58
26,Postgraduate,Design,None,Graphic Designer,"Photoshop, Illustrator, Color Theory",Graphic Designer,Trending,82,81,69,92,56
23,7th Semester,Mathematics,Beginner,Pilot,"Aircraft Systems, Spatial Awareness, Meteorology, Teamwork, Flight Navigation",Pilot,Trending,92,87,87,47,81
27,Graduate,Computer Science,Intermediate,AI Engineer,"Neural Networks, TensorFlow, Calculus, Algorithms, Deep Learning",AI Engineer,High Demand,99,61,86,74,72
28,Postgraduate,Engineering,Intermediate,Biomedical Engineer,"Critical Thinking, Adaptability, CAD Design, Biology, Biomechanics",Biomedical Engineer,Trending,99,67,90,86,68
24,Postgraduate,Business Studies,Advanced,Digital Marketer,"Content Strategy, Copywriting, SEM, PPC Advertising, Email Campaigns, Adaptability, Problem Solving, Google Analytics",Digital Marketer,High Demand,80,90,80,89,77
28,Graduate,Computer Science,Intermediate,Cloud Engineer,"Azure, AWS, Docker, System Architecture, Kubernetes",Cloud Engineer,High Demand,93,71,77,64,65
26,Postgraduate,Chemistry,Intermediate,Chef,"Time Management, Menu Engineering, Kitchen Leadership, Communication",Chef,Trending,86,73,81,94,78
23,Postgraduate,Computer Science,Beginner,Product Manager,"Metrics & KPIs, User Research, Market Strategy, Communication",Product Manager,Trending,76,91,97,82,87
17,12th,Chemistry,Beginner,Pharmacist,"Critical Thinking, Attention to Detail, Dosage Calculation, Drug Interactions, Pharmacology, Creativity, Quality Control",Pharmacist,Stable,75,76,85,58,59
28,Postgraduate,Commerce,None,Chartered Accountant,"Financial Accounting, Auditing, Taxation",Chartered Accountant,Stable,80,74,86,55,74
28,Graduate,Cybersecurity,Beginner,Aerospace Engineer,"Python, Incident Response, Penetration Testing, Wireshark",Cybersecurity Analyst,High Demand,88,69,90,63,69
26,7th Semester,Biology,Beginner,Dentist,"Hygiene Standards, Adaptability, Manual Dexterity, Teamwork, Dental Anatomy, Diagnostics, Empathy",Dentist,Stable,94,83,87,71,60
19,2nd Semester,Mathematics,Advanced,Civil Engineer,"Construction Management, AutoCAD, Time Management, Site Inspection, Project Planning, Geotechnical Engineering, Structural Analysis",Civil Engineer,Stable,99,73,82,64,65
25,Postgraduate,Computer Science,Expert,Cloud Engineer,"Adaptability, AWS, Terraform, Docker, Teamwork, Kubernetes",Cloud Engineer,High Demand,99,72,85,60,63
23,Graduate,Computer Science,Beginner,Data Scientist,"Python, Data Visualization, Statistics, Creativity, Analytical Thinking",Data Scientist,High Demand,92,76,95,74,58
18,12th,Engineering,Intermediate,Mobile App Developer,"React Native, REST APIs, Kotlin, Teamwork, Creativity, UI/UX, Swift",Mobile App Developer,Trending,91,77,77,85,65
27,8th Semester,Mathematics,Beginner,Mechanical Engineer,"Communication, Manufacturing, Thermodynamics, Adaptability, Robotics, Problem Solving",Mechanical Engineer,Stable,83,73,81,72,56
25,8th Semester,Economics,None,Entrepreneur,"Sales & Marketing, Business Model Generation, Risk Management",Entrepreneur,Emerging,70,96,93,85,92
23,8th Semester,Mathematics,None,Financial Analyst,"PowerBI, Forecasting, Market Research, Python for Finance",Financial Analyst,Trending,86,87,86,66,75
27,Graduate,Education,None,Journalist,"Storytelling, Critical Thinking, News Writing, Video Journalism, Creativity, Media Ethics, Interviewing",Journalist,Stable,71,97,86,85,74
25,8th Semester,Biology,None,Doctor,"Medical Ethics, Critical Thinking, Clinical Diagnosis",Doctor,High Demand,81,84,88,56,82
28,Postgraduate,Chemistry,Intermediate,Chef,"Creativity, Food Safety, Menu Engineering, Sensory Evaluation",Chef,Trending,82,73,75,84,79
21,6th Semester,Computer Science,Intermediate,Mobile App Developer,"Android Studio, Critical Thinking, Adaptability, REST APIs, Kotlin, Mobile Architecture, Flutter",Mobile App Developer,Trending,94,67,89,77,67
18,10th,Finance,None,Financial Analyst,"Ratio Analysis, Forecasting, Excel, Python for Finance, Market Research, Creativity, PowerBI",Financial Analyst,Trending,85,88,90,62,69
22,Diploma,Engineering,Beginner,Data Scientist,"Critical Thinking, Fluid Mechanics, Time Management, Manufacturing, Robotics, SolidWorks",Mechanical Engineer,Stable,74,71,87,69,66
25,8th Semester,Computer Science,Advanced,Full-Stack Developer,"Python, Express, Teamwork, Node.js",Full-Stack Developer,High Demand,99,66,94,69,69
26,Postgraduate,Computer Science,Advanced,Full-Stack Developer,"Python, REST APIs, Node.js, Creativity, Problem Solving",Full-Stack Developer,High Demand,89,73,89,76,55
17,10th,Economics,Intermediate,Data Scientist,"Python, Data Visualization, SQL, R, Problem Solving",Data Scientist,High Demand,94,70,90,73,65
25,8th Semester,Mathematics,Beginner,Aerospace Engineer,"Aerodynamics, MATLAB, CAD Modeling, Flight Simulation, Propulsion Systems",Aerospace Engineer,Emerging,90,75,95,70,67
25,7th Semester,Computer Science,Expert,Full-Stack Developer,"JavaScript, HTML/CSS, MongoDB",Full-Stack Developer,High Demand,99,59,90,70,61
22,8th Semester,Economics,Beginner,Business Analyst,"Business Strategy, Tableau, SQL, Communication, Agile/Scrum, Stakeholder Management, Teamwork",Business Analyst,High Demand,85,85,81,72,83
17,1st Semester,Business Studies,None,Digital Marketer,"Copywriting, SEM, PPC Advertising, Email Campaigns, Adaptability, SEO, Problem Solving, Google Analytics",Digital Marketer,High Demand,82,91,83,93,73
19,4th Semester,Engineering,None,Civil Engineer,"Site Inspection, Geotechnical Engineering, Structural Analysis",Civil Engineer,Stable,89,73,87,74,80
25,Postgraduate,Psychology,Beginner,Psychologist,"Active Listening, Communication, Mental Health Assessment, Adaptability, Research Methods, Counseling, Cognitive Behavioral Therapy, Empathy",Psychologist,High Demand,70,92,90,70,79
28,Postgraduate,Psychology,Beginner,Psychologist,"Active Listening, Mental Health Assessment, Counseling, Ethics",Psychologist,High Demand,78,94,89,73,75
23,8th Semester,Education,Advanced,IAS Officer,"Critical Thinking, Decision Making, General Studies, Crisis Management, Policy Formulation, Public Administration",IAS Officer,Stable,87,91,85,72,99
24,Graduate,Computer Science,Beginner,Electrical Engineer,"Terraform, Linux, CI/CD, Docker",Cloud Engineer,High Demand,90,73,82,61,58
21,6th Semester,Engineering,Advanced,Mobile App Developer,"Android Studio, Critical Thinking, Git, Creativity, Flutter",Mobile App Developer,Trending,96,68,83,81,63
20,7th Semester,Mathematics,Beginner,Mechanical Engineer,"Creativity, AutoCAD, Fluid Mechanics, Thermodynamics, Teamwork, Robotics, Problem Solving",Mechanical Engineer,Stable,79,65,84,74,72
26,Graduate,Biology,None,Pharmacist,"Patient Counseling, Communication, Attention to Detail, Drug Interactions, Teamwork, Organic Chemistry, Quality Control",Pharmacist,Stable,77,76,80,64,68
20,6th Semester,Psychology,Beginner,Lawyer,"Critical Thinking, Constitutional Law, Adaptability, Legal Research, Argumentation",Lawyer,Stable,77,94,97,73,78
24,8th Semester,Engineering,Intermediate,DevOps Engineer,"Python, Creativity, GitLab CI, Monitoring, Docker, Infrastructure as Code, Kubernetes",DevOps Engineer,High Demand,91,76,84,65,58
22,8th Semester,Engineering,Advanced,Mobile App Developer,"Android Studio, Kotlin, Git",Mobile App Developer,Trending,94,71,81,76,61
18,10th,Biology,None,Doctor,"Time Management, Pharmacology, Medical Ethics, Emergency Response, Physiology, Creativity",Doctor,High Demand,82,85,95,57,82
25,8th Semester,Biology,Advanced,Biomedical Engineer,"Materials Science, Biology, Medical Devices",Biomedical Engineer,Trending,99,78,86,72,70
23,7th Semester,Physics,None,Teacher,"Lesson Planning, Communication, Adaptability, Teamwork, Classroom Management",Teacher,Stable,70,85,85,85,70
20,2nd Semester,Psychology,None,Lawyer,"Negotiation, Critical Thinking, Constitutional Law, Problem Solving, Courtroom Advocacy, Argumentation",Lawyer,Stable,70,99,95,69,80
18,1st Semester,Engineering,Intermediate,Cloud Engineer,"Linux, Terraform, System Architecture, Kubernetes, CI/CD",Cloud Engineer,High Demand,89,64,79,57,61
18,10th,Animation,Intermediate,UI/UX Designer,"Branding, Photoshop, Visual Identity, Typography, Creativity",Graphic Designer,Trending,83,75,74,93,63
17,12th,Chemistry,Intermediate,Pharmacist,"Patient Counseling, Communication, Attention to Detail, Dosage Calculation, Organic Chemistry",Pharmacist,Stable,91,70,81,68,60
22,3rd Semester,Mathematics,Beginner,Software Developer,"Aerodynamics, Avionics, Propulsion Systems, Structural Analysis",Aerospace Engineer,Emerging,89,80,95,74,63
26,Postgraduate,Chemistry,None,Professor,"Creativity, Mentorship, Academic Lecturing, Scientific Publication, Problem Solving, Pedagogy",Professor,Stable,75,94,86,71,81
28,7th Semester,Engineering,Intermediate,Product Designer,"User Empathy, Adaptability, Product Strategy, Figma, Industrial Design, Iterative Design",Product Designer,High Demand,84,84,76,92,79
19,3rd Semester,Physics,None,Professor,"Public Speaking, Research Methodology, Pedagogy, Academic Lecturing",Professor,Stable,78,85,88,82,75
23,Postgraduate,Computer Science,Intermediate,DevOps Engineer,"Cloud Security, Communication, GitLab CI, Monitoring, Docker, Linux Bash, Problem Solving",DevOps Engineer,High Demand,99,65,86,58,60
22,7th Semester,Computer Science,Intermediate,Business Analyst,"Business Strategy, SQL, Communication, Agile/Scrum, Stakeholder Management, Data Analytics, Requirements Gathering",Business Analyst,High Demand,85,87,85,67,76
23,Graduate,Data Science,Advanced,Data Scientist,"Python, Statistics, R, Scikit-Learn",Data Scientist,High Demand,99,75,91,74,70
19,4th Semester,Education,Beginner,Journalist,"News Writing, Storytelling, Video Journalism, Fact Checking",Journalist,Stable,66,92,79,80,65
28,7th Semester,Economics,None,IAS Officer,"Decision Making, General Studies, Time Management, Public Administration, Teamwork, Public Communication",IAS Officer,Stable,78,91,99,63,96
18,12th,Psychology,Intermediate,Psychologist,"Critical Thinking, Ethics, Counseling, Cognitive Behavioral Therapy, Creativity",Psychologist,High Demand,73,97,83,76,68
26,Postgraduate,Mathematics,Advanced,AI Engineer,"Neural Networks, Time Management, NLP, TensorFlow, Algorithms, Problem Solving, Deep Learning, Machine Learning",AI Engineer,High Demand,99,75,85,78,63
24,7th Semester,Physics,Intermediate,Astrophysicist,"Python, Quantum Mechanics, Calculus, Creativity, Astrophysics",Astrophysicist,Emerging,96,73,93,78,58
26,7th Semester,Chemistry,Beginner,Chef,"Time Management, Culinary Techniques, Kitchen Leadership, Food Safety, Menu Engineering, Creativity",Chef,Trending,74,65,80,99,73
26,7th Semester,Engineering,Intermediate,Robotics Engineer,"Sensors & Actuators, Computer Vision, Problem Solving, Mechatronics, C++",Robotics Engineer,High Demand,92,70,86,72,67
19,5th Semester,Physics,Beginner,Astrophysicist,"Cosmology, Astronomical Observation, Communication, Adaptability, Numerical Simulation",Astrophysicist,Emerging,96,71,97,79,69
23,Postgraduate,Engineering,Advanced,Aerospace Engineer,"Python, Time Management, Incident Response, Ethical Hacking",Cybersecurity Analyst,High Demand,99,75,89,70,55
24,Graduate,Education,Intermediate,IAS Officer,"Public Communication, Governance, Crisis Management, Leadership, Teamwork, Creativity",IAS Officer,Stable,85,98,91,69,94
25,Graduate,Chemistry,Beginner,Pharmacist,"Communication, Medical Ethics, Emergency Response, Patient Care, Anatomy, Clinical Diagnosis, Empathy",Doctor,High Demand,79,81,94,57,85
27,Graduate,Engineering,Advanced,Aerospace Engineer,"Time Management, MATLAB, CAD Modeling, Flight Simulation, Teamwork, Avionics, Propulsion Systems, Structural Analysis",Aerospace Engineer,Emerging,99,75,94,74,66
26,7th Semester,Chemistry,None,Teacher,"Lesson Planning, Communication, Patience, Child Psychology, Student Evaluation, Teamwork",Teacher,Stable,66,99,82,85,87
21,3rd Semester,Economics,Advanced,Investment Banker,"Pitch Decks, Excel, Market Research, M&A Analysis",Investment Banker,High Demand,96,89,99,58,87
24,8th Semester,Business Studies,Beginner,Product Designer,"User Empathy, Industrial Design, Time Management, Adaptability, Product Strategy, Iterative Design, Figma",Product Designer,High Demand,81,77,86,99,80
23,Graduate,Business Studies,Intermediate,AI Engineer,"Roadmap Planning, Communication, Agile, Metrics & KPIs, Leadership, Product Vision, Cross-Functional Coordination",Product Manager,Trending,87,90,90,82,87
24,7th Semester,Engineering,Advanced,Full-Stack Developer,"React, JavaScript, MongoDB, Teamwork, Creativity",Full-Stack Developer,High Demand,99,64,83,68,66
19,4th Semester,Psychology,None,Journalist,"Storytelling, News Writing, Teamwork, Creativity, Media Ethics",Journalist,Stable,72,93,85,91,75
28,8th Semester,Education,None,Journalist,"News Writing, Time Management, Video Journalism, Teamwork, Media Ethics, Interviewing",Journalist,Stable,70,93,81,73,70
25,8th Semester,Physics,Intermediate,Pilot,"Radio Communication, Time Management, High Focus, Flight Navigation",Pilot,Trending,83,84,90,56,96
23,8th Semester,Engineering,Intermediate,Software Developer,"Teamwork, Debugging, C++, Git",Software Developer,High Demand,96,61,92,70,64
18,10th,Computer Science,Intermediate,DevOps Engineer,"Creativity, GitLab CI, Monitoring, Linux Bash, Infrastructure as Code, Kubernetes",DevOps Engineer,High Demand,96,69,89,59,53
21,8th Semester,Medical Science,Intermediate,Dentist,"Time Management, Adaptability, Manual Dexterity, Oral Surgery, Dental Anatomy",Dentist,Stable,92,92,84,68,73
18,10th,Law,None,Journalist,"Creativity, Storytelling, News Writing, Investigative Reporting, Problem Solving, Interviewing",Journalist,Stable,65,96,80,84,73
19,5th Semester,Law,None,Lawyer,"Negotiation, Constitutional Law, Public Speaking, Legal Research, Courtroom Advocacy, Argumentation",Lawyer,Stable,70,93,95,71,82
18,1st Semester,Animation,Intermediate,Animator,"Storyboarding, Time Management, Texturing, 3D Modeling",Animator,Emerging,94,65,76,95,63
19,7th Semester,Engineering,None,Software Developer,"Python, Data Structures, REST APIs, Creativity, Object-Oriented Programming",Software Developer,High Demand,83,63,91,74,56
21,6th Semester,Engineering,Intermediate,Full-Stack Developer,"Python, Git, Adaptability, Teamwork, Express",Full-Stack Developer,High Demand,97,70,77,75,62
21,Diploma,Mathematics,Intermediate,Cybersecurity Analyst,"Circuit Design, MATLAB, PCB Design, Embedded Systems, Microcontrollers, Power Systems",Electrical Engineer,High Demand,88,58,88,68,64
24,Postgraduate,Mathematics,Advanced,Electrical Engineer,"Communication, Circuit Design, Adaptability, Embedded Systems, Microcontrollers",Electrical Engineer,High Demand,99,58,87,73,69
21,8th Semester,Chemistry,None,Teacher,"Lesson Planning, Communication, Patience, Student Evaluation, Classroom Management",Teacher,Stable,68,94,82,80,80
19,5th Semester,Animation,Advanced,Graphic Designer,"Branding, Layout Design, Teamwork, Typography, Problem Solving, Color Theory",Graphic Designer,Trending,87,76,72,86,56
24,7th Semester,Psychology,None,UI/UX Designer,"Communication, Usability Testing, Design Systems, User Research, Wireframing, Visual Hierarchy, Interaction Design",UI/UX Designer,High Demand,74,82,74,90,76
19,6th Semester,Mathematics,Intermediate,Astrophysicist,"Cosmology, Adaptability, Calculus, Quantum Mechanics",Astrophysicist,Emerging,99,68,96,74,66
24,8th Semester,Finance,None,Chartered Accountant,"Excel Mastery, Financial Reporting, Financial Accounting, Problem Solving, Auditing",Chartered Accountant,Stable,84,76,91,51,76
19,5th Semester,Business Studies,Beginner,Entrepreneur,"Leadership, Risk Management, Sales & Marketing, Growth Strategy, Pitching & Fundraising",Entrepreneur,Emerging,71,92,87,90,95
25,Postgraduate,Chemistry,None,Chef,"Sensory Evaluation, Time Management, Culinary Techniques, Menu Engineering, Creativity",Chef,Trending,73,79,81,94,74
20,2nd Semester,Engineering,Expert,Cybersecurity Analyst,"Linux, Critical Thinking, Firewalls, Network Security, Ethical Hacking, Teamwork",Cybersecurity Analyst,High Demand,99,69,82,66,66
20,8th Semester,Education,None,IAS Officer,"Governance, Crisis Management, Leadership, Policy Formulation, Public Administration",IAS Officer,Stable,70,88,91,66,99
18,12th,Chemistry,None,Doctor,"Pharmacology, Teamwork, Physiology, Patient Care, Anatomy, Clinical Diagnosis",Doctor,High Demand,82,91,91,60,85
26,Graduate,Data Science,Advanced,AI Engineer,"Python, Linear Algebra, NLP, Deep Learning, PyTorch",AI Engineer,High Demand,99,69,96,87,65
22,2nd Semester,Mathematics,None,Pilot,"Spatial Awareness, Radio Communication, Flight Navigation",Pilot,Trending,81,79,88,59,77
17,10th,Computer Science,Beginner,IAS Officer,"Leadership, Business Model Generation, Risk Management, Sales & Marketing, Pitching & Fundraising",Entrepreneur,Emerging,82,88,91,88,99
17,10th,Commerce,Beginner,Professor,"Negotiation, Market Research, M&A Analysis",Investment Banker,High Demand,87,82,98,71,93
21,8th Semester,Mathematics,Advanced,Electrical Engineer,"MATLAB, PCB Design, Embedded Systems, Microcontrollers, Power Systems",Electrical Engineer,High Demand,99,67,89,71,71
28,8th Semester,Design,None,Product Designer,"User Empathy, Product Strategy, Creativity, Iterative Design, Prototyping",Product Designer,High Demand,73,85,88,91,85
18,10th,Mathematics,Beginner,Electrical Engineer,"Signal Processing, Teamwork, Problem Solving, Embedded Systems, Microcontrollers",Electrical Engineer,High Demand,88,70,92,73,75
27,8th Semester,Psychology,Intermediate,UI/UX Designer,"Negotiation, Contract Drafting, Constitutional Law, Public Speaking, Legal Research, Argumentation",Lawyer,Stable,76,99,95,62,96
19,2nd Semester,Biology,Intermediate,Doctor,"Creativity, Pharmacology, Physiology, Patient Care, Problem Solving",Doctor,High Demand,93,82,92,60,84
26,8th Semester,Biology,None,Psychologist,"Mental Health Assessment, Counseling, Empathy, Ethics",Psychologist,High Demand,78,94,81,75,82
20,Diploma,Hospitality,None,Chef,"Sensory Evaluation, Time Management, Culinary Techniques, Kitchen Leadership, Food Safety, Menu Engineering",Chef,Trending,80,72,86,91,78
21,3rd Semester,Engineering,Intermediate,Cybersecurity Analyst,"Communication, Firewalls, Network Security, Ethical Hacking, Wireshark, Creativity",Cybersecurity Analyst,High Demand,91,79,90,67,59
21,2nd Semester,Design,None,Graphic Designer,"Visual Identity, Layout Design, Typography, Creativity, Problem Solving",Graphic Designer,Trending,73,69,71,99,57
22,6th Semester,Animation,Beginner,Mobile App Developer,"Motion Graphics, Communication, Texturing, 3D Modeling, Blender, Teamwork, After Effects",Animator,Emerging,76,78,72,92,57
28,7th Semester,Commerce,Intermediate,Investment Banker,"Capital Markets, Negotiation, Pitch Decks, Excel, Valuation, Market Research, Problem Solving",Investment Banker,High Demand,85,88,92,57,80
23,7th Semester,Animation,Intermediate,Graphic Designer,"Branding, Visual Identity, Critical Thinking, Layout Design, Adaptability, Typography, Creativity",Graphic Designer,Trending,83,73,70,90,56
27,Postgraduate,Biology,Beginner,Research Scientist,"Python, Academic Writing, Laboratory Techniques, Data Analysis, Critical Analysis, Statistics, Teamwork, Creativity",Research Scientist,Stable,92,65,94,74,76
18,10th,Mathematics,None,Electrical Engineer,"High Focus, Critical Thinking, Aircraft Systems, Spatial Awareness, Meteorology, Problem Solving, Emergency Procedures",Pilot,Trending,81,83,93,65,76
28,7th Semester,Design,Beginner,UI/UX Designer,"Usability Testing, Design Systems, Prototyping",UI/UX Designer,High Demand,77,78,85,94,75
19,Diploma,Physics,Beginner,Electrical Engineer,"Signal Processing, Circuit Design, Problem Solving, Embedded Systems, Microcontrollers",Electrical Engineer,High Demand,84,60,92,70,67
27,Postgraduate,Law,None,Journalist,"Media Ethics, Interviewing, Fact Checking",Journalist,Stable,61,99,81,85,81
18,10th,Biology,None,Doctor,"Critical Thinking, Time Management, Pharmacology, Medical Ethics, Emergency Response, Clinical Diagnosis",Doctor,High Demand,90,91,95,47,82
26,Graduate,Artificial Intelligence,Intermediate,Robotics Engineer,"Sensors & Actuators, ROS, Adaptability, Mechatronics, Kinematics, Control Systems",Robotics Engineer,High Demand,97,69,98,84,79
20,7th Semester,Computer Science,Intermediate,Professor,"Public Speaking, Research Methodology, Pedagogy, Academic Lecturing",Professor,Stable,91,94,89,79,81
24,8th Semester,Law,Beginner,Lawyer,"Negotiation, Public Speaking, Constitutional Law, Teamwork, Problem Solving, Courtroom Advocacy, Argumentation",Lawyer,Stable,69,93,91,76,76
22,4th Semester,Design,Beginner,UI/UX Designer,"Communication, Usability Testing, User Research, Wireframing, Visual Hierarchy, Interaction Design",UI/UX Designer,High Demand,77,87,81,99,70
27,Postgraduate,Computer Science,Intermediate,Cloud Engineer,"Linux, Terraform, Docker, Teamwork, Problem Solving, Kubernetes",Cloud Engineer,High Demand,93,63,86,64,52
27,Postgraduate,Psychology,Intermediate,Graphic Designer,"Communication, Usability Testing, Adaptability, Design Systems, User Research, Visual Hierarchy, Interaction Design",UI/UX Designer,High Demand,80,92,81,92,73
25,7th Semester,Finance,None,Chartered Accountant,"Excel Mastery, Financial Reporting, Corporate Law, Financial Accounting, Auditing",Chartered Accountant,Stable,88,69,82,56,71
23,Postgraduate,Physics,Beginner,Aerospace Engineer,"Creativity, Aerodynamics, Time Management, CAD Modeling, Flight Simulation, Avionics, Propulsion Systems, Structural Analysis",Aerospace Engineer,Emerging,93,60,95,82,64
23,Postgraduate,Chemistry,Advanced,Professor,"Hygiene Standards, Diagnostics, Empathy",Dentist,Stable,94,85,86,73,73
17,10th,Computer Science,Advanced,Cybersecurity Analyst,"Linux, Critical Thinking, Penetration Testing, Network Security, Ethical Hacking, Wireshark, Cryptography",Cybersecurity Analyst,High Demand,95,69,90,69,65
22,3rd Semester,Computer Science,Expert,Cloud Engineer,"Python, Jenkins, Linux Bash, Infrastructure as Code, Kubernetes",DevOps Engineer,High Demand,99,72,87,56,67
17,10th,Economics,Intermediate,Digital Marketer,"Copywriting, SEM, Social Media Marketing, SEO, Teamwork, Problem Solving, Google Analytics",Digital Marketer,High Demand,76,85,84,90,73
20,2nd Semester,Business Studies,Advanced,Product Manager,"Agile, Leadership, Teamwork, User Research, Cross-Functional Coordination, Market Strategy",Product Manager,Trending,92,92,86,90,85
22,7th Semester,Mathematics,Intermediate,Pilot,"High Focus, Spatial Awareness, Meteorology, Problem Solving, Emergency Procedures, Radio Communication",Pilot,Trending,90,88,93,56,79
19,Diploma,Engineering,Intermediate,Cloud Engineer,"Networking, Azure, Docker, System Architecture, CI/CD",Cloud Engineer,High Demand,98,70,80,60,72
23,8th Semester,Law,Intermediate,Lawyer,"Critical Thinking, Public Speaking, Legal Research, Problem Solving, Courtroom Advocacy",Lawyer,Stable,86,98,92,76,90
27,7th Semester,Business Studies,Intermediate,Investment Banker,"Business Strategy, Data Analytics, Requirements Gathering",Business Analyst,High Demand,83,89,81,67,80
20,8th Semester,Animation,None,Graphic Designer,"Visual Identity, Photoshop, Layout Design, Adaptability, Creativity, Color Theory",Graphic Designer,Trending,70,78,80,86,56
17,12th,Medical Science,None,Doctor,"Problem Solving, Anatomy, Critical Thinking, Clinical Diagnosis",Doctor,High Demand,86,92,89,57,83
27,Graduate,Design,None,UI/UX Designer,"Time Management, Design Systems, User Research, Wireframing, Visual Hierarchy, Figma, Interaction Design",UI/UX Designer,High Demand,74,88,81,96,70
20,5th Semester,Engineering,Intermediate,Cloud Engineer,"Linux, Networking, Critical Thinking, Communication, Azure, System Architecture, Docker",Cloud Engineer,High Demand,94,72,87,69,63
22,8th Semester,Mathematics,Expert,Data Scientist,"Scikit-Learn, SQL, Statistics, Creativity, Analytical Thinking",Data Scientist,High Demand,99,78,99,72,64
19,4th Semester,Economics,None,Digital Marketer,"Content Strategy, PPC Advertising, Email Campaigns, Google Analytics",Digital Marketer,High Demand,73,85,79,92,74
17,10th,Computer Science,Beginner,Entrepreneur,"Usability Testing, Visual Hierarchy, Figma",UI/UX Designer,High Demand,84,89,78,93,66
19,6th Semester,Education,Beginner,Journalist,"Video Journalism, Investigative Reporting, Fact Checking",Journalist,Stable,67,96,92,93,67
23,Postgraduate,Mathematics,Intermediate,Research Scientist,"Python, Time Management, Critical Analysis, Scientific Research",Research Scientist,Stable,99,70,98,74,61
27,7th Semester,Engineering,Intermediate,DevOps Engineer,"Jenkins, Monitoring, Docker",DevOps Engineer,High Demand,99,73,84,58,73
25,7th Semester,Law,None,IAS Officer,"Leadership, Crisis Management, Governance",IAS Officer,Stable,78,99,92,68,90
22,8th Semester,Engineering,None,Teacher,"High Focus, Communication, Aircraft Systems, Teamwork, Radio Communication",Pilot,Trending,74,70,84,49,99
24,8th Semester,Data Science,Advanced,AI Engineer,"Neural Networks, Linear Algebra, NLP, Adaptability, Calculus, Deep Learning",AI Engineer,High Demand,99,67,92,77,73
20,6th Semester,Mathematics,Intermediate,Electrical Engineer,"Signal Processing, Circuit Design, MATLAB, Teamwork, Embedded Systems, Microcontrollers, Power Systems",Electrical Engineer,High Demand,86,70,87,77,58
27,Postgraduate,Education,None,IAS Officer,"Governance, Leadership, Policy Formulation, Public Administration, Public Communication",IAS Officer,Stable,66,90,88,68,92
23,8th Semester,Design,None,Graphic Designer,"Visual Identity, Photoshop, Communication, Layout Design, Problem Solving, Typography, Creativity, Color Theory",Graphic Designer,Trending,66,67,75,99,68
23,Graduate,Physics,Intermediate,Astrophysicist,"Python, Cosmology, Astrophysics, Calculus, Teamwork, Problem Solving, Data Modeling",Astrophysicist,Emerging,96,74,97,80,65
19,5th Semester,Biology,None,Dentist,"Dental Anatomy, Manual Dexterity, Oral Surgery, Diagnostics",Dentist,Stable,82,93,88,78,80
23,Postgraduate,Mathematics,Intermediate,Teacher,"Student Evaluation, Time Management, Patience, Communication",Teacher,Stable,82,89,84,76,82
17,1st Semester,Economics,Advanced,Business Analyst,"Tableau, Stakeholder Management, Agile/Scrum, Requirements Gathering",Business Analyst,High Demand,86,94,87,65,79
24,Graduate,Law,None,Journalist,"Storytelling, Fact Checking, Investigative Reporting, Video Journalism, Media Ethics, Interviewing",Journalist,Stable,67,99,77,85,72
18,12th,Engineering,Beginner,Mechanical Engineer,"Signal Processing, Embedded Systems, Microcontrollers, Power Systems",Electrical Engineer,High Demand,84,63,96,76,68
22,2nd Semester,Mathematics,Beginner,Research Scientist,"Academic Writing, Communication, Data Analysis, Statistics, Creativity, Scientific Research",Research Scientist,Stable,95,75,97,69,68
22,2nd Semester,Engineering,Advanced,Cloud Engineer,"Networking, Azure, CI/CD",Cloud Engineer,High Demand,99,69,90,64,72
24,8th Semester,Economics,Advanced,IAS Officer,"Creativity, Leadership, Decision Making, Governance",IAS Officer,Stable,94,99,87,71,99
23,Graduate,Engineering,Intermediate,Robotics Engineer,"Sensors & Actuators, Computer Vision, ROS, Teamwork, Mechatronics, C++, Kinematics",Robotics Engineer,High Demand,99,67,89,77,74
23,Postgraduate,Commerce,Intermediate,Digital Marketer,"Copywriting, Adaptability, Email Campaigns, SEO, Problem Solving",Digital Marketer,High Demand,82,88,77,78,69
23,7th Semester,Chemistry,Beginner,Chef,"Sensory Evaluation, Communication, Time Management, Culinary Techniques, Adaptability, Food Safety, Menu Engineering, Creativity",Chef,Trending,73,78,83,85,78
28,7th Semester,Medical Science,None,Doctor,"Critical Thinking, Medical Ethics, Physiology, Patient Care, Problem Solving, Anatomy",Doctor,High Demand,89,91,88,54,87
25,8th Semester,Hospitality,Beginner,Chef,"Sensory Evaluation, Time Management, Culinary Techniques, Teamwork, Creativity",Chef,Trending,83,73,84,91,74
26,7th Semester,Chemistry,Advanced,Teacher,"Creativity, Hygiene Standards, Manual Dexterity, Oral Surgery, Dental Anatomy, Problem Solving, Diagnostics, Empathy",Dentist,Stable,99,79,78,74,80
26,7th Semester,Design,Expert,Mobile App Developer,"Git, Communication, React Native, Kotlin, Creativity, UI/UX",Mobile App Developer,Trending,93,69,81,79,60
28,Postgraduate,Economics,Beginner,Financial Analyst,"Ratio Analysis, Excel, Python for Finance",Financial Analyst,Trending,90,76,84,73,65
23,Graduate,Computer Science,Intermediate,AI Engineer,"Neural Networks, TensorFlow, Calculus, Teamwork, PyTorch",AI Engineer,High Demand,97,65,95,86,69
20,3rd Semester,Biology,None,Dentist,"Dental Anatomy, Hygiene Standards, Manual Dexterity, Diagnostics",Dentist,Stable,74,89,86,65,68
28,8th Semester,Commerce,Intermediate,Financial Analyst,"Financial Statement Analysis, Critical Thinking, Communication, Python for Finance, PowerBI",Financial Analyst,Trending,88,70,84,63,64
24,7th Semester,Design,None,Product Designer,"User Empathy, Iterative Design, Customer Research, Product Strategy, Industrial Design, Prototyping",Product Designer,High Demand,74,81,86,97,87
24,Postgraduate,Psychology,None,Psychologist,"Active Listening, Critical Thinking, Time Management, Research Methods, Ethics, Counseling, Cognitive Behavioral Therapy",Psychologist,High Demand,63,93,88,75,80
24,8th Semester,Biology,None,Biomedical Engineer,"Communication, Adaptability, Medical Devices, Biology, Biomechanics, Prosthetics",Biomedical Engineer,Trending,80,73,91,77,70
18,10th,Mathematics,None,Mechanical Engineer,"Financial Statement Analysis, PowerBI, Excel",Financial Analyst,Trending,71,87,89,62,66
19,3rd Semester,Engineering,Beginner,Civil Engineer,"Site Inspection, Project Planning, Surveying, Construction Management, Geotechnical Engineering, Structural Analysis",Civil Engineer,Stable,82,70,91,60,86
19,3rd Semester,Economics,Expert,Data Scientist,"Pandas, Data Visualization, Scikit-Learn, SQL, Creativity, Analytical Thinking",Data Scientist,High Demand,99,63,91,70,64
28,8th Semester,Mathematics,Beginner,Full-Stack Developer,"High Focus, Aircraft Systems, Communication, Meteorology, Teamwork, Emergency Procedures, Radio Communication, Flight Navigation",Pilot,Trending,86,79,95,50,72
27,8th Semester,Design,None,Product Designer,"User Empathy, Prototyping, Critical Thinking, Time Management, Customer Research, Product Strategy, Industrial Design, Iterative Design",Product Designer,High Demand,74,84,87,92,81
19,7th Semester,Artificial Intelligence,Intermediate,Robotics Engineer,"Adaptability, Kinematics, Control Systems, ROS",Robotics Engineer,High Demand,98,71,88,79,58
25,Postgraduate,Mathematics,Intermediate,Astrophysicist,"Cosmology, Adaptability, Calculus, Problem Solving, Numerical Simulation, Astrophysics",Astrophysicist,Emerging,94,65,98,75,60
25,Postgraduate,Engineering,Intermediate,Cybersecurity Analyst,"Wireshark, Firewalls, Python, Incident Response",Cybersecurity Analyst,High Demand,94,56,89,51,57
21,7th Semester,Finance,Advanced,Chartered Accountant,"Financial Analysis, Auditing, Taxation, Financial Reporting",Chartered Accountant,Stable,96,82,90,50,66
19,2nd Semester,Commerce,Beginner,Investment Banker,"Financial Modeling, Valuation, Capital Markets, M&A Analysis",Investment Banker,High Demand,93,78,84,61,91
22,6th Semester,Physics,Advanced,Robotics Engineer,"Sensors & Actuators, Computer Vision, Mechatronics, C++, Kinematics, Control Systems",Robotics Engineer,High Demand,99,67,92,75,68
19,5th Semester,Mathematics,Beginner,Software Developer,"Python, Communication, Data Structures, REST APIs, Debugging, Java, Problem Solving",Software Developer,High Demand,87,57,86,74,49
22,8th Semester,Business Studies,Beginner,Product Manager,"Roadmap Planning, Metrics & KPIs, Product Vision, User Research, Cross-Functional Coordination, Problem Solving, Market Strategy",Product Manager,Trending,77,94,91,85,94
28,7th Semester,Education,None,Teacher,"Lesson Planning, Communication, Patience, Child Psychology, Student Evaluation",Teacher,Stable,67,92,83,86,75
22,5th Semester,Psychology,None,Psychologist,"Active Listening, Research Methods, Ethics, Counseling, Cognitive Behavioral Therapy, Empathy",Psychologist,High Demand,71,85,89,73,77
25,Postgraduate,Economics,Intermediate,Financial Analyst,"Financial Statement Analysis, PowerBI, Excel, Market Research",Financial Analyst,Trending,88,75,96,68,62
25,7th Semester,Physics,Advanced,Teacher,"Patience, Child Psychology, Empathy, Classroom Management",Teacher,Stable,87,99,88,78,89
23,7th Semester,Economics,Advanced,Data Scientist,"Pandas, Statistics, R",Data Scientist,High Demand,99,74,91,73,63
21,3rd Semester,Physics,Advanced,Aerospace Engineer,"Aerodynamics, MATLAB, Flight Simulation, Structural Analysis",Aerospace Engineer,Emerging,99,76,86,77,74
22,8th Semester,Engineering,Beginner,Cybersecurity Analyst,"Penetration Testing, Firewalls, Network Security, Ethical Hacking, Cryptography",Cybersecurity Analyst,High Demand,84,55,86,63,59
17,12th,Business Studies,Intermediate,Business Analyst,"Stakeholder Management, SQL, Requirements Gathering",Business Analyst,High Demand,89,97,80,64,76
24,7th Semester,Engineering,Advanced,Electrical Engineer,"Circuit Design, Time Management, MATLAB, PCB Design, Teamwork, Embedded Systems, Microcontrollers",Electrical Engineer,High Demand,94,65,89,67,68
21,2nd Semester,Design,Beginner,Graphic Designer,"Photoshop, Critical Thinking, Adaptability, Illustrator, Creativity",Graphic Designer,Trending,72,77,74,99,52
28,8th Semester,Design,Beginner,UI/UX Designer,"Design Systems, Figma, Visual Hierarchy, Prototyping, Interaction Design",UI/UX Designer,High Demand,81,75,70,90,67
25,Graduate,Computer Science,Intermediate,Cloud Engineer,"Python, Linux, System Architecture, Kubernetes, CI/CD",Cloud Engineer,High Demand,92,60,81,69,59
25,Graduate,Computer Science,Advanced,DevOps Engineer,"Jenkins, GitLab CI, Linux Bash, Infrastructure as Code, Problem Solving",DevOps Engineer,High Demand,99,63,90,60,65
17,12th,Economics,None,Digital Marketer,"Content Strategy, Social Media Marketing, SEM, Copywriting, Critical Thinking, Time Management, SEO, Google Analytics",Digital Marketer,High Demand,83,99,75,85,74
23,7th Semester,Physics,Beginner,Pilot,"Creativity, Circuit Design, MATLAB, Problem Solving, Embedded Systems, Power Systems",Electrical Engineer,High Demand,87,66,91,66,63
26,8th Semester,Commerce,None,Financial Analyst,"Financial Statement Analysis, Excel, Python for Finance, Market Research, PowerBI",Financial Analyst,Trending,79,84,88,69,64
27,Postgraduate,Economics,Advanced,Pilot,"Tableau, Pandas, Creativity, SQL",Data Scientist,High Demand,97,76,87,68,74
28,8th Semester,Psychology,None,Psychologist,"Communication, Active Listening, Research Methods, Ethics",Psychologist,High Demand,63,88,86,77,90
25,8th Semester,Physics,Advanced,Research Scientist,"Hypothesis Testing, Statistics, Scientific Research, Data Analysis",Research Scientist,Stable,92,69,89,70,62
19,5th Semester,Animation,Advanced,Graphic Designer,"Branding, Photoshop, Layout Design, Illustrator, Creativity",Graphic Designer,Trending,80,73,68,96,63
25,Graduate,Economics,None,Professor,"PowerBI, Forecasting, Excel, Python for Finance",Financial Analyst,Trending,83,85,91,56,73
25,Graduate,Commerce,Beginner,Chartered Accountant,"Excel Mastery, Taxation, Financial Reporting, Attention to Detail, Financial Analysis, Financial Accounting",Chartered Accountant,Stable,90,75,85,50,64
28,7th Semester,Engineering,Intermediate,Full-Stack Developer,"React, Communication, MongoDB, Adaptability, REST APIs, Express",Full-Stack Developer,High Demand,92,75,83,82,60
26,7th Semester,Finance,None,Chartered Accountant,"Excel Mastery, Taxation, Financial Analysis, Attention to Detail, Creativity, Auditing",Chartered Accountant,Stable,82,75,88,49,68
18,10th,Education,None,Professor,"Research Methodology, Mentorship, Academic Lecturing, Public Speaking, Pedagogy",Professor,Stable,85,86,89,76,84
24,8th Semester,Engineering,None,Civil Engineer,"AutoCAD, Adaptability, Site Inspection, Surveying, Construction Management, Geotechnical Engineering, Structural Analysis",Civil Engineer,Stable,77,71,87,61,69
22,8th Semester,Computer Science,Advanced,Cloud Engineer,"Python, Networking, Linux, Time Management, AWS, Terraform, Problem Solving, Kubernetes",Cloud Engineer,High Demand,99,65,88,66,62
28,8th Semester,Psychology,Beginner,Lawyer,"Negotiation, Critical Thinking, Public Speaking, Constitutional Law, Teamwork, Courtroom Advocacy, Argumentation",Lawyer,Stable,74,99,94,66,92
19,4th Semester,Hospitality,Intermediate,Chef,"Time Management, Culinary Techniques, Menu Engineering, Creativity, Problem Solving",Chef,Trending,81,73,78,91,74
19,7th Semester,Computer Science,Intermediate,Full-Stack Developer,"Git, SQL, REST APIs, Problem Solving, Express",Full-Stack Developer,High Demand,90,70,86,80,63
23,Postgraduate,Mathematics,Advanced,Data Scientist,"Python, Communication, Tableau, Machine Learning, Statistics, R, Analytical Thinking",Data Scientist,High Demand,99,74,92,66,74
20,4th Semester,Economics,Intermediate,Product Manager,"Roadmap Planning, Time Management, Metrics & KPIs, Product Vision, Cross-Functional Coordination, Market Strategy",Product Manager,Trending,90,91,94,80,90
24,Graduate,Chemistry,None,Pharmacist,"Patient Counseling, Attention to Detail, Pharmacology, Organic Chemistry, Problem Solving, Quality Control",Pharmacist,Stable,81,66,79,63,64
18,12th,Mathematics,Beginner,Pilot,"Aircraft Systems, Spatial Awareness, Adaptability, Meteorology, Emergency Procedures, Flight Navigation",Pilot,Trending,82,73,88,46,84
18,10th,Mathematics,Intermediate,Data Scientist,"Avionics, Flight Simulation, CAD Modeling",Aerospace Engineer,Emerging,99,60,90,82,66
27,Postgraduate,Computer Science,Intermediate,Full-Stack Developer,"Communication, SQL, REST APIs, Problem Solving, Express",Full-Stack Developer,High Demand,88,71,82,78,63
17,12th,Chemistry,None,Dentist,"Hygiene Standards, Time Management, Manual Dexterity, Dental Anatomy, Creativity, Empathy",Dentist,Stable,87,89,84,68,66
22,7th Semester,Mathematics,Advanced,Pilot,"Ratio Analysis, Forecasting, Excel, Market Research",Financial Analyst,Trending,97,81,94,61,71
24,Postgraduate,Finance,None,Chartered Accountant,"Financial Reporting, Adaptability, Teamwork, Financial Accounting, Auditing",Chartered Accountant,Stable,85,68,80,50,73
20,5th Semester,Animation,None,Animator,"Motion Graphics, Character Animation, Communication, Texturing, Adaptability, 3D Modeling, Maya",Animator,Emerging,80,63,74,99,58
22,3rd Semester,Economics,None,Investment Banker,"Pitch Decks, Critical Thinking, Excel, Valuation, Market Research, Financial Modeling, Creativity, M&A Analysis",Investment Banker,High Demand,81,85,92,59,77
23,8th Semester,Engineering,Expert,Business Analyst,"Linux, Penetration Testing, Firewalls, Network Security, Ethical Hacking, Teamwork, Cryptography",Cybersecurity Analyst,High Demand,99,64,89,73,58
23,8th Semester,Hospitality,None,Chef,"Time Management, Creativity, Food Safety, Culinary Techniques",Chef,Trending,71,70,78,84,75
18,1st Semester,Artificial Intelligence,Beginner,Robotics Engineer,"Python, Computer Vision, ROS, Problem Solving, Control Systems",Robotics Engineer,High Demand,89,65,93,93,66
23,8th Semester,Design,Advanced,Product Designer,"Product Strategy, Iterative Design, Prototyping, Customer Research",Product Designer,High Demand,89,76,87,83,82
26,Graduate,Chemistry,None,Professor,"Manual Dexterity, Oral Surgery, Patient Communication, Dental Anatomy, Diagnostics, Empathy",Dentist,Stable,87,72,77,64,69
22,2nd Semester,Economics,None,Teacher,"Critical Thinking, Decision Making, General Studies, Policy Formulation, Public Administration, Public Communication, Problem Solving",IAS Officer,Stable,83,91,88,61,91
23,8th Semester,Business Studies,Beginner,Product Manager,"Roadmap Planning, Agile, Metrics & KPIs, Leadership, User Research, Problem Solving, Market Strategy",Product Manager,Trending,71,90,88,83,92
25,Postgraduate,Psychology,None,UI/UX Designer,"Critical Thinking, Design Thinking, Usability Testing, Design Systems, User Research, Creativity, Figma, Interaction Design",UI/UX Designer,High Demand,72,77,79,96,67
23,Postgraduate,Physics,Beginner,Astrophysicist,"Python, Astrophysics, Time Management, Teamwork, Data Modeling",Astrophysicist,Emerging,89,65,96,70,61
17,1st Semester,Law,None,IAS Officer,"Critical Thinking, Decision Making, General Studies, Policy Formulation, Public Communication",IAS Officer,Stable,73,99,93,84,99
24,8th Semester,Data Science,Intermediate,AI Engineer,"Python, Neural Networks, Linear Algebra, NLP, Adaptability, TensorFlow, Calculus, Teamwork",AI Engineer,High Demand,98,75,87,84,64
26,Postgraduate,Business Studies,Intermediate,Product Manager,"Cross-Functional Coordination, Agile, Product Vision, Metrics & KPIs",Product Manager,Trending,85,92,92,81,88
26,Graduate,Chemistry,None,Teacher,"Communication, Adaptability, Child Psychology, Classroom Management, Empathy",Teacher,Stable,68,95,74,75,78
28,Postgraduate,Economics,None,IAS Officer,"Decision Making, Governance, General Studies, Crisis Management, Time Management, Policy Formulation, Public Administration",IAS Officer,Stable,81,99,85,71,87
24,7th Semester,Commerce,None,Chartered Accountant,"Attention to Detail, Time Management, Financial Accounting, Creativity, Auditing",Chartered Accountant,Stable,83,77,91,57,77
26,7th Semester,Hospitality,None,Chef,"Sensory Evaluation, Time Management, Culinary Techniques, Kitchen Leadership, Menu Engineering",Chef,Trending,80,82,78,94,87
20,2nd Semester,Psychology,Beginner,Psychologist,"Active Listening, Ethics, Counseling, Cognitive Behavioral Therapy, Empathy",Psychologist,High Demand,74,92,81,66,75
19,7th Semester,Biology,Advanced,Pharmacist,"Attention to Detail, Dosage Calculation, Time Management, Drug Interactions, Pharmacology, Organic Chemistry, Creativity",Pharmacist,Stable,93,67,80,61,72
23,7th Semester,Finance,Beginner,Chartered Accountant,"Excel Mastery, Taxation, Financial Reporting, Financial Analysis, Corporate Law, Auditing",Chartered Accountant,Stable,92,74,83,59,74
27,Postgraduate,Design,Beginner,Animator,"Motion Graphics, Character Animation, Texturing, Adaptability, Maya, Blender, After Effects",Animator,Emerging,79,74,76,90,70
25,Postgraduate,Mathematics,Intermediate,Research Scientist,"Hypothesis Testing, Python, Laboratory Techniques, Critical Analysis, Statistics, Scientific Research",Research Scientist,Stable,85,64,97,75,73
23,7th Semester,Mathematics,None,Pilot,"Aircraft Systems, Communication, Spatial Awareness, Meteorology, Problem Solving, Emergency Procedures, Radio Communication, Flight Navigation",Pilot,Trending,87,92,87,60,79
19,4th Semester,Commerce,Intermediate,Financial Analyst,"Financial Statement Analysis, Ratio Analysis, Communication, Python for Finance",Financial Analyst,Trending,89,80,87,56,55
18,10th,Computer Science,None,Entrepreneur,"Leadership, Growth Strategy, Pitching & Fundraising, Resilience",Entrepreneur,Emerging,78,93,92,91,86
21,3rd Semester,Engineering,None,Civil Engineer,"Critical Thinking, Site Inspection, Surveying, Construction Management, Problem Solving",Civil Engineer,Stable,81,76,81,65,73
28,Graduate,Mathematics,None,Software Developer,"Git, C++, Object-Oriented Programming, REST APIs",Software Developer,High Demand,79,57,91,74,54
22,7th Semester,Education,None,Journalist,"Storytelling, Communication, News Writing, Video Journalism, Investigative Reporting, Media Ethics, Interviewing",Journalist,Stable,63,94,81,88,90
17,1st Semester,Physics,Advanced,Civil Engineer,"Creativity, AutoCAD, Time Management, Site Inspection, Surveying, Construction Management, Geotechnical Engineering",Civil Engineer,Stable,92,67,87,62,85
18,10th,Engineering,Beginner,Civil Engineer,"Surveying, Site Inspection, AutoCAD",Civil Engineer,Stable,87,72,81,60,66
25,Postgraduate,Economics,None,Entrepreneur,"Critical Thinking, Decision Making, General Studies, Crisis Management, Adaptability, Leadership, Public Administration",IAS Officer,Stable,70,91,94,71,99
24,Postgraduate,Commerce,Beginner,Digital Marketer,"Content Strategy, Copywriting, Communication, PPC Advertising, Email Campaigns, SEO, Problem Solving, Google Analytics",Digital Marketer,High Demand,81,93,80,85,77
22,5th Semester,Computer Science,Advanced,Cloud Engineer,"System Architecture, Terraform, Linux, CI/CD",Cloud Engineer,High Demand,90,64,84,67,68
19,7th Semester,Education,Beginner,Teacher,"Lesson Planning, Communication, Time Management, Patience, Child Psychology, Student Evaluation, Creativity, Classroom Management",Teacher,Stable,84,97,84,80,77
18,10th,Economics,None,Financial Analyst,"Financial Statement Analysis, Ratio Analysis, Forecasting, Critical Thinking, Python for Finance, Market Research, Creativity, PowerBI",Financial Analyst,Trending,75,83,92,65,69
21,8th Semester,Mathematics,Beginner,Research Scientist,"Hypothesis Testing, Critical Thinking, Communication, Laboratory Techniques, Data Analysis, Statistics",Research Scientist,Stable,97,74,87,81,65
22,2nd Semester,Business Studies,Intermediate,AI Engineer,"Roadmap Planning, Time Management, Metrics & KPIs, Product Vision, Cross-Functional Coordination",Product Manager,Trending,84,89,87,80,86
28,Postgraduate,Finance,None,Chartered Accountant,"Taxation, Financial Reporting, Communication, Attention to Detail, Financial Analysis, Corporate Law, Financial Accounting",Chartered Accountant,Stable,87,81,92,62,76
20,2nd Semester,Engineering,Beginner,Mechanical Engineer,"Creativity, Critical Thinking, AutoCAD, Robotics, Problem Solving",Mechanical Engineer,Stable,85,65,84,81,65
20,6th Semester,Data Science,Intermediate,Data Scientist,"Python, Pandas, Problem Solving, Analytical Thinking",Data Scientist,High Demand,87,69,89,64,72
20,3rd Semester,Commerce,Beginner,Digital Marketer,"Creativity, Copywriting, PPC Advertising, SEO, Problem Solving, Google Analytics",Digital Marketer,High Demand,80,87,84,95,68
28,8th Semester,Physics,Intermediate,Astrophysicist,"Astronomical Observation, Astrophysics, Communication, Calculus, Data Modeling",Astrophysicist,Emerging,99,72,91,67,66
19,7th Semester,Physics,Beginner,Aerospace Engineer,"Aerodynamics, Adaptability, CAD Modeling, Flight Simulation, Propulsion Systems, Structural Analysis",Aerospace Engineer,Emerging,94,65,95,77,78
28,Graduate,Computer Science,Intermediate,Cloud Engineer,"Critical Thinking, Communication, NLP, Deep Learning, Machine Learning",AI Engineer,High Demand,99,76,91,80,61
22,7th Semester,Engineering,Intermediate,Cybersecurity Analyst,"Python, Linux, Incident Response, Communication, Firewalls, Teamwork, Cryptography",Cybersecurity Analyst,High Demand,95,71,84,67,62
17,1st Semester,Business Studies,None,Robotics Engineer,"Roadmap Planning, Agile, Metrics & KPIs, Leadership, Product Vision, Cross-Functional Coordination",Product Manager,Trending,77,85,83,78,91
23,8th Semester,Design,Beginner,Animator,"Motion Graphics, Communication, Time Management, Texturing, 3D Modeling, Storyboarding, After Effects",Animator,Emerging,77,61,73,99,58
23,7th Semester,Engineering,Intermediate,Electrical Engineer,"Teamwork, Signal Processing, MATLAB, Circuit Design",Electrical Engineer,High Demand,93,65,86,68,54
17,10th,Psychology,Advanced,Lawyer,"Contract Drafting, Public Speaking, Argumentation",Lawyer,Stable,80,91,95,73,85
22,7th Semester,Engineering,None,Aerospace Engineer,"CAD Modeling, Avionics, Problem Solving, Structural Analysis",Aerospace Engineer,Emerging,84,80,98,72,66
22,3rd Semester,Computer Science,None,Professor,"Academic Lecturing, Mentorship, Public Speaking, Scientific Publication, Time Management, Pedagogy, Curriculum Development",Professor,Stable,73,92,93,75,84
25,Postgraduate,Mathematics,None,Robotics Engineer,"AutoCAD, Project Planning, Surveying, Construction Management, Geotechnical Engineering, Structural Analysis",Civil Engineer,Stable,77,72,91,66,82
28,Postgraduate,Economics,Beginner,Business Analyst,"Stakeholder Management, Process Mapping, Data Analytics",Business Analyst,High Demand,78,82,91,72,86
27,Graduate,Mathematics,Beginner,Astrophysicist,"Python, Astronomical Observation, Critical Thinking, Quantum Mechanics, Calculus, Teamwork, Numerical Simulation, Data Modeling",Astrophysicist,Emerging,87,70,98,74,57
26,Graduate,Biology,Intermediate,Pharmacist,"Attention to Detail, Patient Counseling, Pharmacology, Quality Control",Pharmacist,Stable,86,71,81,55,70
27,7th Semester,Computer Science,Intermediate,DevOps Engineer,"Problem Solving, Monitoring, Cloud Security, Docker",DevOps Engineer,High Demand,95,70,83,56,71
17,12th,Physics,None,Mechanical Engineer,"Fluid Mechanics, Manufacturing, Thermodynamics, Adaptability, Material Science, Robotics, SolidWorks",Mechanical Engineer,Stable,88,72,86,69,57
19,7th Semester,Data Science,Expert,Data Scientist,"Statistics, Data Visualization, Analytical Thinking",Data Scientist,High Demand,99,78,93,67,63
24,7th Semester,Cybersecurity,Beginner,Cybersecurity Analyst,"Python, Penetration Testing, Firewalls, Ethical Hacking, Wireshark, Cryptography",Cybersecurity Analyst,High Demand,93,68,83,66,62
25,Postgraduate,Medical Science,None,Dentist,"Hygiene Standards, Time Management, Adaptability, Manual Dexterity, Oral Surgery, Patient Communication, Diagnostics, Empathy",Dentist,Stable,84,79,83,58,75
22,8th Semester,Animation,None,Graphic Designer,"Visual Identity, Communication, Layout Design, Typography, Creativity",Graphic Designer,Trending,68,72,67,98,58
23,8th Semester,Psychology,None,Psychologist,"Active Listening, Mental Health Assessment, Research Methods, Ethics, Cognitive Behavioral Therapy",Psychologist,High Demand,72,92,90,80,69
17,12th,Mathematics,None,Professor,"Academic Lecturing, Mentorship, Public Speaking, Scientific Publication, Problem Solving, Pedagogy, Curriculum Development",Professor,Stable,81,91,89,73,83
24,7th Semester,Design,None,Mobile App Developer,"Branding, Illustrator, Typography, Problem Solving, Color Theory",Graphic Designer,Trending,70,66,76,93,73
17,1st Semester,Computer Science,Intermediate,Full-Stack Developer,"Jenkins, Python, Linux Bash",DevOps Engineer,High Demand,92,64,82,63,62
22,3rd Semester,Chemistry,Beginner,Dentist,"Hygiene Standards, Communication, Manual Dexterity, Oral Surgery, Patient Communication, Teamwork, Diagnostics, Empathy",Dentist,Stable,92,75,81,80,70
17,1st Semester,Biology,Beginner,Biomedical Engineer,"Python, Materials Science, Critical Thinking, Medical Devices, Prosthetics, Teamwork",Biomedical Engineer,Trending,86,64,88,77,72
23,Graduate,Engineering,Intermediate,Aerospace Engineer,"Avionics, Aerodynamics, Problem Solving, Structural Analysis",Aerospace Engineer,Emerging,99,68,87,81,66
27,7th Semester,Data Science,Advanced,Data Scientist,"Creativity, Statistics, Data Visualization, Machine Learning",Data Scientist,High Demand,99,74,94,70,70
25,7th Semester,Physics,Advanced,Astrophysicist,"Cosmology, Python, Quantum Mechanics, Calculus, Numerical Simulation, Data Modeling",Astrophysicist,Emerging,99,68,95,75,56
26,Graduate,Physics,None,Civil Engineer,"Creativity, AutoCAD, Time Management, Site Inspection, Surveying, Construction Management, Geotechnical Engineering",Civil Engineer,Stable,77,66,88,68,79
19,4th Semester,Computer Science,Intermediate,Software Developer,"Debugging, Data Structures, Problem Solving",Software Developer,High Demand,91,67,82,75,69
24,Postgraduate,Education,Beginner,Journalist,"Storytelling, Critical Thinking, News Writing, Fact Checking, Investigative Reporting, Creativity",Journalist,Stable,69,92,78,81,70
23,7th Semester,Engineering,None,Civil Engineer,"Construction Management, Critical Thinking, AutoCAD, Project Planning, Surveying, Geotechnical Engineering, Problem Solving, Structural Analysis",Civil Engineer,Stable,77,74,90,65,74
27,Postgraduate,Mathematics,None,Financial Analyst,"Financial Statement Analysis, Forecasting, Communication, Excel, Adaptability, Python for Finance, PowerBI",Financial Analyst,Trending,80,78,95,60,70
19,Diploma,Biology,Beginner,Psychologist,"Mental Health Assessment, Active Listening, Empathy, Ethics",Psychologist,High Demand,74,94,90,77,80
17,10th,Engineering,Intermediate,Cybersecurity Analyst,"Incident Response, Penetration Testing, Ethical Hacking",Cybersecurity Analyst,High Demand,86,65,82,65,61
17,12th,Data Science,Intermediate,AI Engineer,"Neural Networks, Python, Critical Thinking, Communication, Calculus, PyTorch",AI Engineer,High Demand,95,66,87,74,65
24,Postgraduate,Engineering,Advanced,Robotics Engineer,"Python, Computer Vision, ROS, Communication, Time Management, Mechatronics, C++, Control Systems",Robotics Engineer,High Demand,94,65,91,84,64
23,7th Semester,Business Studies,Beginner,Product Manager,"Adaptability, Agile, User Research, Market Strategy",Product Manager,Trending,76,82,86,84,95
27,7th Semester,Chemistry,Beginner,Research Scientist,"Critical Analysis, Statistics, Scientific Research, Laboratory Techniques",Research Scientist,Stable,98,75,95,83,73
18,1st Semester,Chemistry,Beginner,Mechanical Engineer,"Hypothesis Testing, Python, Academic Writing, Communication, Time Management, Laboratory Techniques, Data Analysis, Critical Analysis",Research Scientist,Stable,86,69,90,71,75
18,1st Semester,Mathematics,Intermediate,Financial Analyst,"Financial Statement Analysis, Ratio Analysis, Forecasting, Communication, Excel, Market Research, Teamwork",Financial Analyst,Trending,93,74,93,62,67
28,8th Semester,Law,Beginner,Lawyer,"Critical Thinking, Contract Drafting, Constitutional Law, Legal Research, Teamwork, Courtroom Advocacy, Argumentation",Lawyer,Stable,80,99,85,73,90
27,Postgraduate,Mathematics,Beginner,Mechanical Engineer,"AutoCAD, Material Science, Robotics, Problem Solving, SolidWorks",Mechanical Engineer,Stable,87,67,83,66,72
21,5th Semester,Mathematics,Advanced,Astrophysicist,"Python, Cosmology, Astronomical Observation, Calculus, Problem Solving, Numerical Simulation, Data Modeling",Astrophysicist,Emerging,99,73,92,71,63
28,Graduate,Hospitality,None,Chef,"Creativity, Time Management, Food Safety, Kitchen Leadership",Chef,Trending,78,71,83,97,81
19,2nd Semester,Biology,Advanced,Professor,"Critical Thinking, Pharmacology, Emergency Response, Anatomy, Clinical Diagnosis, Empathy",Doctor,High Demand,93,86,92,69,82
21,3rd Semester,Engineering,Beginner,Biomedical Engineer,"Materials Science, Python, CAD Design, Biomechanics",Biomedical Engineer,Trending,89,68,84,74,58
25,8th Semester,Biology,Beginner,Psychologist,"Counseling, Active Listening, Cognitive Behavioral Therapy, Ethics",Psychologist,High Demand,68,93,86,71,81
28,Graduate,Education,Intermediate,Journalist,"Storytelling, News Writing, Fact Checking, Media Ethics, Interviewing",Journalist,Stable,78,88,82,88,68
22,6th Semester,Mathematics,None,Investment Banker,"AutoCAD, Communication, Site Inspection, Project Planning, Surveying, Geotechnical Engineering, Structural Analysis",Civil Engineer,Stable,82,71,92,66,77
20,5th Semester,Medical Science,Beginner,Dentist,"Hygiene Standards, Critical Thinking, Time Management, Manual Dexterity, Patient Communication, Empathy",Dentist,Stable,87,86,85,66,79
24,7th Semester,Computer Science,Advanced,Data Scientist,"Python, Pandas, Statistics",Data Scientist,High Demand,98,76,96,68,66
21,8th Semester,Engineering,Intermediate,DevOps Engineer,"Python, Critical Thinking, Cloud Security, Linux Bash, Creativity, Kubernetes",DevOps Engineer,High Demand,85,71,89,62,61
23,Graduate,Physics,None,Professor,"Research Methodology, Academic Lecturing, Mentorship, Scientific Publication, Pedagogy, Curriculum Development",Professor,Stable,80,91,89,70,74
27,7th Semester,Engineering,Beginner,Software Developer,"Git, Debugging, Java",Software Developer,High Demand,77,70,90,72,49
23,7th Semester,Physics,None,Teacher,"Lesson Planning, Communication, Patience, Child Psychology, Classroom Management, Empathy",Teacher,Stable,64,93,81,85,83
19,5th Semester,Engineering,Intermediate,Cybersecurity Analyst,"Penetration Testing, Time Management, Firewalls, Network Security, Ethical Hacking, Wireshark, Cryptography",Cybersecurity Analyst,High Demand,93,63,84,62,63
18,1st Semester,Biology,Beginner,Biomedical Engineer,"Python, Medical Devices, CAD Design, Biology, Biomechanics, Creativity",Biomedical Engineer,Trending,90,67,92,81,64
17,12th,Business Studies,Beginner,Product Designer,"Prototyping, Iterative Design, Customer Research, Product Strategy, Industrial Design, Figma",Product Designer,High Demand,83,80,81,99,80
23,8th Semester,Business Studies,None,Entrepreneur,"Leadership, Risk Management, Sales & Marketing, Growth Strategy, Pitching & Fundraising, Resilience",Entrepreneur,Emerging,70,94,82,89,99
28,7th Semester,Education,None,Professor,"Research Methodology, Academic Lecturing, Scientific Publication, Pedagogy, Curriculum Development",Professor,Stable,77,98,94,74,85
21,6th Semester,Commerce,Intermediate,Entrepreneur,"Leadership, Pitching & Fundraising, Risk Management",Entrepreneur,Emerging,81,93,83,95,83
20,5th Semester,Physics,Beginner,Pilot,"Emergency Procedures, Radio Communication, Flight Navigation",Pilot,Trending,90,80,99,55,90
19,5th Semester,Engineering,Intermediate,Professor,"Git, Communication, JavaScript, Time Management, MongoDB, REST APIs, HTML/CSS, Node.js",Full-Stack Developer,High Demand,90,67,89,72,57
25,7th Semester,Computer Science,Advanced,Mobile App Developer,"React Native, Mobile Architecture, Problem Solving, UI/UX, Swift",Mobile App Developer,Trending,96,68,76,75,75
23,Graduate,Computer Science,Expert,DevOps Engineer,"Creativity, Cloud Security, Jenkins, Time Management, Infrastructure as Code",DevOps Engineer,High Demand,99,62,86,60,66
25,Postgraduate,Medical Science,Intermediate,Pharmacist,"Organic Chemistry, Patient Counseling, Quality Control",Pharmacist,Stable,85,75,75,66,57
24,Graduate,Animation,Intermediate,Animator,"Storyboarding, Motion Graphics, Blender, Character Animation",Animator,Emerging,78,64,76,96,62
20,Diploma,Medical Science,Intermediate,Doctor,"Critical Thinking, Medical Ethics, Physiology, Emergency Response, Patient Care",Doctor,High Demand,96,82,88,61,72
19,6th Semester,Computer Science,Intermediate,Biomedical Engineer,"JavaScript, MongoDB, Git, SQL",Full-Stack Developer,High Demand,93,69,85,74,61
18,12th,Chemistry,Beginner,Research Scientist,"Hypothesis Testing, Python, Academic Writing, Laboratory Techniques, Statistics, Problem Solving",Research Scientist,Stable,91,70,92,80,63
26,8th Semester,Biology,None,Psychologist,"Active Listening, Mental Health Assessment, Research Methods, Counseling, Empathy",Psychologist,High Demand,68,87,87,75,81
26,Graduate,Physics,Beginner,Cloud Engineer,"Signal Processing, Circuit Design, Adaptability, PCB Design, Creativity, Embedded Systems, Microcontrollers, Power Systems",Electrical Engineer,High Demand,94,67,91,72,71
18,10th,Physics,None,AI Engineer,"AutoCAD, Project Planning, Construction Management, Geotechnical Engineering, Structural Analysis",Civil Engineer,Stable,71,64,88,61,76
18,1st Semester,Engineering,Intermediate,Product Designer,"User Empathy, Iterative Design, Critical Thinking, Customer Research, Problem Solving, Industrial Design, Figma",Product Designer,High Demand,83,86,83,89,73
22,4th Semester,Physics,None,Pilot,"Time Management, Adaptability, Meteorology, Emergency Procedures, Radio Communication, Flight Navigation",Pilot,Trending,77,81,83,56,97
19,2nd Semester,Economics,Beginner,Cloud Engineer,"Tableau, Agile/Scrum, Adaptability, Creativity, Requirements Gathering",Business Analyst,High Demand,86,82,85,76,83
18,1st Semester,Engineering,None,Product Designer,"Product Strategy, User Empathy, Industrial Design, Critical Thinking",Product Designer,High Demand,74,80,85,82,76
17,12th,Business Studies,Intermediate,Business Analyst,"Tableau, Stakeholder Management, Agile/Scrum",Business Analyst,High Demand,90,84,84,68,91
18,10th,Biology,None,Chef,"Patient Counseling, Attention to Detail, Dosage Calculation, Pharmacology, Organic Chemistry, Quality Control",Pharmacist,Stable,77,72,80,66,54
23,7th Semester,Economics,Advanced,Data Scientist,"Python, Pandas, Critical Thinking, Teamwork, Machine Learning",Data Scientist,High Demand,99,68,88,81,65
27,7th Semester,Medical Science,Beginner,Psychologist,"Hygiene Standards, Manual Dexterity, Oral Surgery, Diagnostics, Empathy",Dentist,Stable,91,87,86,76,59
18,12th,Design,Beginner,Graphic Designer,"Visual Identity, Branding, Illustrator, Teamwork, Typography, Creativity, Color Theory",Graphic Designer,Trending,68,68,58,93,71
23,Graduate,Computer Science,Expert,Data Scientist,"Tableau, Teamwork, R, Machine Learning",Data Scientist,High Demand,99,79,92,67,69
27,Postgraduate,Business Studies,None,Product Designer,"User Empathy, Critical Thinking, Industrial Design, Figma, Iterative Design, Prototyping",Product Designer,High Demand,77,79,88,89,86
26,Postgraduate,Medical Science,None,Dentist,"Hygiene Standards, Manual Dexterity, Oral Surgery, Patient Communication, Creativity, Diagnostics, Empathy",Dentist,Stable,78,82,81,67,74
18,1st Semester,Engineering,Intermediate,DevOps Engineer,"Python, Cloud Security, Jenkins, Time Management, GitLab CI, Docker, Linux Bash",DevOps Engineer,High Demand,92,61,92,62,66
28,7th Semester,Physics,Advanced,Aerospace Engineer,"Critical Thinking, MATLAB, CAD Modeling, Avionics, Structural Analysis",Aerospace Engineer,Emerging,99,75,97,72,68
27,8th Semester,Engineering,Advanced,DevOps Engineer,"Jenkins, Python, GitLab CI",DevOps Engineer,High Demand,99,70,86,63,71
24,Postgraduate,Engineering,Intermediate,Mobile App Developer,"Android Studio, Git, REST APIs, Kotlin, Mobile Architecture, Problem Solving, Swift",Mobile App Developer,Trending,97,72,87,86,58
27,Postgraduate,Law,Intermediate,Journalist,"Storytelling, Adaptability, Fact Checking, Problem Solving, Interviewing",Journalist,Stable,76,93,81,81,76
19,4th Semester,Engineering,Advanced,AI Engineer,"Python, Git, Time Management, Adaptability, Node.js",Full-Stack Developer,High Demand,96,59,92,70,63
26,7th Semester,Mathematics,Beginner,Aerospace Engineer,"Communication, Aerodynamics, Time Management, MATLAB, Avionics, Propulsion Systems, Structural Analysis",Aerospace Engineer,Emerging,99,69,90,80,69
24,8th Semester,Law,None,IAS Officer,"Leadership, Public Communication, Decision Making",IAS Officer,Stable,70,89,94,63,89
23,Postgraduate,Business Studies,Advanced,Digital Marketer,"Content Strategy, Social Media Marketing, SEM, Copywriting, Email Campaigns, SEO, Teamwork, Creativity",Digital Marketer,High Demand,93,83,77,76,75
26,7th Semester,Engineering,Expert,Full-Stack Developer,"Python, Git, MongoDB, REST APIs, HTML/CSS, Express",Full-Stack Developer,High Demand,99,71,82,76,50
25,Graduate,Physics,Beginner,Pilot,"Python, Hypothesis Testing, Academic Writing, Laboratory Techniques, Data Analysis, Statistics, Problem Solving",Research Scientist,Stable,88,65,98,78,80
19,7th Semester,Engineering,Intermediate,DevOps Engineer,"Python, Critical Thinking, Cloud Security, Jenkins, GitLab CI, Docker, Infrastructure as Code, Problem Solving",DevOps Engineer,High Demand,93,64,91,57,64
27,Postgraduate,Biology,Advanced,Psychologist,"Active Listening, Mental Health Assessment, Research Methods, Counseling, Cognitive Behavioral Therapy",Psychologist,High Demand,85,99,86,75,88
28,Graduate,Chemistry,Beginner,Chef,"Sensory Evaluation, Time Management, Culinary Techniques, Kitchen Leadership, Food Safety, Creativity",Chef,Trending,72,76,73,95,84
17,1st Semester,Engineering,Advanced,Cybersecurity Analyst,"Linux, Penetration Testing, Firewalls, Adaptability, Teamwork, Wireshark",Cybersecurity Analyst,High Demand,93,61,77,64,58
25,8th Semester,Hospitality,Beginner,Chef,"Sensory Evaluation, Communication, Time Management, Culinary Techniques, Adaptability, Kitchen Leadership, Food Safety, Creativity",Chef,Trending,76,64,80,97,79
21,6th Semester,Computer Science,Advanced,Cybersecurity Analyst,"Android Studio, Time Management, REST APIs, Mobile Architecture, Problem Solving, Swift",Mobile App Developer,Trending,95,64,89,76,65
23,8th Semester,Education,None,Teacher,"Student Evaluation, Empathy, Lesson Planning, Communication",Teacher,Stable,64,92,77,87,76
23,Graduate,Data Science,Intermediate,Data Scientist,"Python, Tableau, Machine Learning, Adaptability, Statistics, R, Analytical Thinking",Data Scientist,High Demand,92,62,85,72,62
26,Postgraduate,Engineering,Beginner,Software Developer,"Object-Oriented Programming, Problem Solving, Git",Software Developer,High Demand,76,72,91,77,52
19,Diploma,Biology,Advanced,Pharmacist,"Patient Counseling, Dosage Calculation, Pharmacology, Adaptability, Organic Chemistry, Quality Control",Pharmacist,Stable,89,74,76,48,58
24,7th Semester,Chemistry,None,Chef,"Creativity, Food Safety, Adaptability, Sensory Evaluation",Chef,Trending,72,81,77,95,78
19,2nd Semester,Biology,None,Chef,"Patient Counseling, Communication, Drug Interactions, Teamwork, Organic Chemistry",Pharmacist,Stable,79,70,79,60,73
20,5th Semester,Computer Science,Expert,Cloud Engineer,"Python, Linux, Communication, Adaptability, AWS",Cloud Engineer,High Demand,99,67,86,57,70
17,10th,Engineering,Intermediate,Mechanical Engineer,"Communication, Thermodynamics, SolidWorks, AutoCAD",Mechanical Engineer,Stable,87,63,81,77,72
24,Graduate,Animation,Beginner,Animator,"Motion Graphics, Texturing, 3D Modeling",Animator,Emerging,83,73,78,99,57
17,10th,Biology,Intermediate,Research Scientist,"Hypothesis Testing, Laboratory Techniques, Critical Analysis, Statistics, Scientific Research",Research Scientist,Stable,89,71,94,74,64
28,8th Semester,Design,Advanced,Product Designer,"Branding, Photoshop, Illustrator, Typography, Problem Solving, Color Theory",Graphic Designer,Trending,82,74,73,96,55
20,5th Semester,Engineering,Intermediate,Mobile App Developer,"Critical Thinking, Adaptability, REST APIs, Kotlin, Mobile Architecture, Flutter, UI/UX",Mobile App Developer,Trending,91,67,80,73,57
17,10th,Design,Advanced,Mobile App Developer,"Critical Thinking, React Native, REST APIs, Mobile Architecture, Creativity, UI/UX",Mobile App Developer,Trending,99,77,87,83,52
20,5th Semester,Psychology,None,Journalist,"Storytelling, News Writing, Fact Checking, Investigative Reporting, Media Ethics, Interviewing",Journalist,Stable,61,83,83,84,71
24,Graduate,Economics,Beginner,Financial Analyst,"Financial Statement Analysis, Ratio Analysis, Time Management, Excel, Python for Finance, Market Research, PowerBI",Financial Analyst,Trending,89,69,85,57,70
20,2nd Semester,Data Science,Expert,DevOps Engineer,"Python, Critical Thinking, PyTorch, Machine Learning",AI Engineer,High Demand,99,68,93,90,59
22,6th Semester,Physics,Beginner,Electrical Engineer,"MATLAB, Teamwork, Creativity, Embedded Systems, Microcontrollers",Electrical Engineer,High Demand,88,68,99,72,59
17,10th,Artificial Intelligence,Advanced,Robotics Engineer,"Sensors & Actuators, Python, ROS, Time Management, Creativity, Mechatronics, C++",Robotics Engineer,High Demand,97,66,97,87,69
28,Graduate,Engineering,Intermediate,Aerospace Engineer,"Aerodynamics, MATLAB, Flight Simulation, Avionics, Propulsion Systems, Structural Analysis",Aerospace Engineer,Emerging,92,70,90,74,74
20,8th Semester,Computer Science,Intermediate,DevOps Engineer,"Python, Critical Thinking, Communication, Jenkins, Linux Bash, Kubernetes",DevOps Engineer,High Demand,94,64,89,61,64
17,1st Semester,Engineering,Intermediate,Software Developer,"Object-Oriented Programming, Teamwork, Algorithms, Java",Software Developer,High Demand,85,71,88,74,70
24,Graduate,Physics,Advanced,Biomedical Engineer,"Materials Science, Python, Medical Devices, Biomechanics",Biomedical Engineer,Trending,99,67,86,83,55
27,Graduate,Psychology,Beginner,Journalist,"Storytelling, Video Journalism, Investigative Reporting, Fact Checking",Journalist,Stable,70,95,77,84,73
20,3rd Semester,Design,Beginner,Graphic Designer,"Visual Identity, Photoshop, Branding, Communication, Adaptability, Illustrator, Creativity, Color Theory",Graphic Designer,Trending,76,66,74,85,68
24,Postgraduate,Animation,None,Graphic Designer,"Branding, Visual Identity, Communication, Layout Design, Time Management, Illustrator, Typography, Color Theory",Graphic Designer,Trending,82,75,74,93,57
19,3rd Semester,Animation,Intermediate,Graphic Designer,"Layout Design, Visual Identity, Teamwork, Color Theory",Graphic Designer,Trending,76,83,81,93,57
24,Graduate,Biology,None,Psychologist,"Active Listening, Mental Health Assessment, Research Methods, Ethics, Counseling",Psychologist,High Demand,66,89,91,75,76
23,8th Semester,Law,Intermediate,IAS Officer,"Leadership, Decision Making, Public Administration",IAS Officer,Stable,88,99,91,71,99
24,8th Semester,Mathematics,Intermediate,Aerospace Engineer,"MATLAB, Adaptability, Flight Simulation, Teamwork, Propulsion Systems",Aerospace Engineer,Emerging,99,68,89,75,63
18,10th,Psychology,None,Lawyer,"Negotiation, Constitutional Law, Courtroom Advocacy, Critical Thinking",Lawyer,Stable,76,99,96,74,84
20,2nd Semester,Animation,None,Animator,"Character Animation, Texturing, Blender, Storyboarding, Creativity",Animator,Emerging,75,66,69,99,62
18,10th,Physics,Intermediate,Aerospace Engineer,"Structural Analysis, MATLAB, Flight Simulation, CAD Modeling",Aerospace Engineer,Emerging,96,77,91,76,65
17,12th,Economics,Beginner,Investment Banker,"Capital Markets, Pitch Decks, Excel, Creativity",Investment Banker,High Demand,82,88,93,68,81
21,Diploma,Commerce,Beginner,Aerospace Engineer,"Negotiation, Adaptability, Valuation, Market Research, Financial Modeling",Investment Banker,High Demand,89,84,95,57,81
23,Postgraduate,Engineering,Advanced,Biomedical Engineer,"Materials Science, Python, Signal Processing, CAD Design, Biology, Biomechanics",Biomedical Engineer,Trending,98,73,88,76,57
20,3rd Semester,Physics,None,Teacher,"Lesson Planning, Time Management, Adaptability, Child Psychology, Student Evaluation, Empathy",Teacher,Stable,78,93,75,86,74
28,Postgraduate,Computer Science,Advanced,Mobile App Developer,"Android Studio, Adaptability, REST APIs, Kotlin, UI/UX, Swift",Mobile App Developer,Trending,90,67,85,77,61
21,3rd Semester,Psychology,Beginner,Journalist,"Teamwork, Storytelling, Investigative Reporting, Interviewing",Journalist,Stable,69,95,81,84,64
22,5th Semester,Computer Science,Advanced,Mobile App Developer,"Android Studio, REST APIs, Kotlin, Flutter, UI/UX, Swift",Mobile App Developer,Trending,94,75,78,81,70
18,1st Semester,Computer Science,Expert,Robotics Engineer,"Sensors & Actuators, Python, Computer Vision, ROS, Mechatronics, C++",Robotics Engineer,High Demand,99,76,91,84,70
20,6th Semester,Animation,Advanced,Graphic Designer,"Photoshop, Communication, Adaptability, Illustrator, Creativity",Graphic Designer,Trending,81,67,83,98,50
28,8th Semester,Data Science,Intermediate,AI Engineer,"NLP, TensorFlow, Calculus, Deep Learning, PyTorch, Machine Learning",AI Engineer,High Demand,99,64,89,91,66
25,7th Semester,Computer Science,None,Robotics Engineer,"Research Methodology, Mentorship, Academic Lecturing, Scientific Publication, Pedagogy, Curriculum Development",Professor,Stable,72,89,90,79,76
28,7th Semester,Commerce,Advanced,Investment Banker,"Capital Markets, Pitch Decks, Financial Modeling",Investment Banker,High Demand,98,80,98,57,90
21,Diploma,Physics,None,Mechanical Engineer,"Adaptability, Material Science, Creativity, Problem Solving, SolidWorks",Mechanical Engineer,Stable,82,70,85,73,70
17,12th,Animation,None,Graphic Designer,"Branding, Photoshop, Critical Thinking, Layout Design, Typography, Creativity",Graphic Designer,Trending,69,72,77,97,60
20,3rd Semester,Animation,None,Animator,"Texturing, 3D Modeling, Teamwork, Problem Solving, After Effects",Animator,Emerging,77,72,81,99,54
28,8th Semester,Psychology,Intermediate,Psychologist,"Counseling, Cognitive Behavioral Therapy, Research Methods",Psychologist,High Demand,78,92,82,84,79
26,8th Semester,Engineering,Advanced,Full-Stack Developer,"Python, Creativity, SQL, Node.js, HTML/CSS, Problem Solving",Full-Stack Developer,High Demand,96,71,85,70,56
22,6th Semester,Economics,Intermediate,Investment Banker,"Capital Markets, Pitch Decks, Communication, Time Management, Valuation, Market Research",Investment Banker,High Demand,90,91,88,68,83
18,10th,Biology,None,Dentist,"Time Management, Manual Dexterity, Oral Surgery, Dental Anatomy, Empathy",Dentist,Stable,80,90,85,71,77
21,3rd Semester,Biology,Intermediate,Dentist,"Python, Materials Science, Signal Processing, CAD Design, Prosthetics, Teamwork",Biomedical Engineer,Trending,90,75,86,73,62
28,8th Semester,Commerce,Intermediate,Entrepreneur,"Business Model Generation, Risk Management, Problem Solving, Growth Strategy, Pitching & Fundraising, Resilience",Entrepreneur,Emerging,77,96,88,87,99
26,Postgraduate,Physics,Beginner,Mechanical Engineer,"Robotics, Material Science, Thermodynamics, Fluid Mechanics",Mechanical Engineer,Stable,83,68,85,74,83
22,Diploma,Economics,None,Chartered Accountant,"Excel Mastery, Taxation, Attention to Detail, Financial Analysis, Corporate Law, Auditing",Chartered Accountant,Stable,93,79,93,60,73
19,2nd Semester,Physics,None,Robotics Engineer,"Patience, Child Psychology, Student Evaluation, Classroom Management, Empathy",Teacher,Stable,69,85,86,86,75
23,Graduate,Mathematics,Intermediate,Software Developer,"Git, Data Structures, Time Management, REST APIs, Teamwork, C++, Object-Oriented Programming",Software Developer,High Demand,94,61,91,77,62
21,Diploma,Chemistry,None,Doctor,"Critical Thinking, Time Management, Emergency Response, Physiology, Clinical Diagnosis",Doctor,High Demand,87,91,93,71,74
25,8th Semester,Engineering,Intermediate,Electrical Engineer,"Signal Processing, Circuit Design, MATLAB, Adaptability, Teamwork, Embedded Systems, Microcontrollers, Power Systems",Electrical Engineer,High Demand,89,61,92,81,60
28,7th Semester,Chemistry,Beginner,Research Scientist,"Python, Data Analysis, Statistics, Teamwork, Scientific Research",Research Scientist,Stable,96,73,90,69,77
23,7th Semester,Mathematics,Beginner,Aerospace Engineer,"Aerodynamics, Flight Simulation, Teamwork, Avionics, Propulsion Systems",Aerospace Engineer,Emerging,89,63,91,59,68
26,7th Semester,Computer Science,Intermediate,AI Engineer,"Deep Learning, NLP, Calculus",AI Engineer,High Demand,99,63,90,79,67
26,Graduate,Economics,Intermediate,Product Manager,"Communication, Roadmap Planning, Agile, Metrics & KPIs, Product Vision",Product Manager,Trending,82,88,98,80,93
23,Postgraduate,Psychology,None,UI/UX Designer,"Critical Thinking, Usability Testing, Design Systems, User Research, Figma, Wireframing, Prototyping",UI/UX Designer,High Demand,78,75,82,98,74
21,4th Semester,Chemistry,Beginner,Research Scientist,"Hygiene Standards, Manual Dexterity, Patient Communication, Dental Anatomy, Diagnostics, Empathy",Dentist,Stable,82,76,80,69,79
24,7th Semester,Medical Science,None,Doctor,"Critical Thinking, Pharmacology, Emergency Response, Physiology, Clinical Diagnosis, Empathy",Doctor,High Demand,81,82,90,61,85
28,Postgraduate,Medical Science,None,Doctor,"Critical Thinking, Communication, Pharmacology, Emergency Response, Patient Care, Creativity, Anatomy, Clinical Diagnosis",Doctor,High Demand,79,94,90,61,84
25,Postgraduate,Mathematics,Intermediate,Research Scientist,"Python, Academic Writing, Communication, Laboratory Techniques, Critical Analysis, Creativity, Scientific Research",Research Scientist,Stable,95,80,97,78,65
21,2nd Semester,Business Studies,None,Product Designer,"Creativity, User Empathy, Customer Research, Problem Solving, Figma",Product Designer,High Demand,78,88,83,99,79
17,10th,Psychology,Intermediate,UI/UX Designer,"Usability Testing, Wireframing, Design Systems, Interaction Design",UI/UX Designer,High Demand,81,78,80,92,53
18,10th,Biology,Beginner,Dentist,"Hygiene Standards, Oral Surgery, Diagnostics, Problem Solving",Dentist,Stable,83,77,88,66,78
26,8th Semester,Mathematics,Beginner,Data Scientist,"Problem Solving, Avionics, Propulsion Systems, Aerodynamics",Aerospace Engineer,Emerging,86,61,87,75,78
20,7th Semester,Physics,None,Mechanical Engineer,"Time Management, Manufacturing, Material Science, Teamwork, SolidWorks",Mechanical Engineer,Stable,82,71,85,77,71
23,7th Semester,Psychology,Advanced,Entrepreneur,"Design Thinking, Design Systems, Problem Solving, Wireframing, Prototyping, Interaction Design",UI/UX Designer,High Demand,86,82,76,93,87
20,Diploma,Economics,Intermediate,Business Analyst,"Pandas, R, Analytical Thinking",Data Scientist,High Demand,94,70,81,67,69
18,12th,Biology,None,Dentist,"Hygiene Standards, Critical Thinking, Manual Dexterity, Oral Surgery, Patient Communication, Dental Anatomy, Diagnostics",Dentist,Stable,78,83,74,69,60
19,6th Semester,Engineering,Intermediate,Mechanical Engineer,"Problem Solving, Thermodynamics, Manufacturing, Material Science",Mechanical Engineer,Stable,89,65,84,72,71
19,5th Semester,Physics,Intermediate,Biomedical Engineer,"Python, Signal Processing, Medical Devices, CAD Design, Biomechanics, Creativity",Biomedical Engineer,Trending,89,68,83,79,70
23,7th Semester,Chemistry,Beginner,Chef,"Teamwork, Creativity, Food Safety, Kitchen Leadership",Chef,Trending,76,71,83,99,76
22,6th Semester,Computer Science,Expert,DevOps Engineer,"Python, Cloud Security, Adaptability, GitLab CI, Docker, Linux Bash, Infrastructure as Code",DevOps Engineer,High Demand,99,77,85,62,62
22,4th Semester,Computer Science,None,UI/UX Designer,"Usability Testing, Wireframing, Visual Hierarchy",UI/UX Designer,High Demand,66,77,84,90,66
18,10th,Design,None,UI/UX Designer,"Design Thinking, Design Systems, Wireframing, Visual Hierarchy, Prototyping",UI/UX Designer,High Demand,66,88,79,96,75
17,10th,Engineering,Intermediate,Software Developer,"Python, Adaptability, REST APIs, Debugging, Problem Solving",Software Developer,High Demand,86,61,89,79,61
23,8th Semester,Finance,None,Financial Analyst,"Ratio Analysis, Forecasting, Time Management, Python for Finance, Teamwork",Financial Analyst,Trending,82,75,89,65,65
25,8th Semester,Engineering,Intermediate,Full-Stack Developer,"Creativity, SQL, Problem Solving, REST APIs, HTML/CSS, Express, Node.js",Full-Stack Developer,High Demand,88,61,86,81,67
22,7th Semester,Chemistry,None,Biomedical Engineer,"Hygiene Standards, Manual Dexterity, Oral Surgery, Patient Communication, Problem Solving, Empathy",Dentist,Stable,82,90,78,67,63
19,5th Semester,Mathematics,Beginner,Civil Engineer,"AutoCAD, Time Management, Adaptability, Project Planning, Surveying, Construction Management, Geotechnical Engineering, Structural Analysis",Civil Engineer,Stable,89,74,88,74,93
24,Graduate,Economics,None,Chartered Accountant,"Excel Mastery, Financial Reporting, Attention to Detail, Corporate Law, Financial Accounting, Problem Solving, Auditing",Chartered Accountant,Stable,86,69,90,56,71
17,12th,Education,None,Investment Banker,"Research Methodology, Time Management, Teamwork, Pedagogy, Curriculum Development",Professor,Stable,81,91,84,83,83
21,5th Semester,Commerce,None,Financial Analyst,"Financial Statement Analysis, Forecasting, Excel, Python for Finance, Teamwork, Problem Solving, PowerBI",Financial Analyst,Trending,89,80,90,56,57
22,4th Semester,Engineering,Expert,Robotics Engineer,"Mechatronics, C++, Computer Vision, ROS",Robotics Engineer,High Demand,99,69,89,83,65
18,10th,Commerce,None,Chartered Accountant,"Financial Accounting, Corporate Law, Attention to Detail, Financial Reporting",Chartered Accountant,Stable,85,71,95,50,74
26,Postgraduate,Business Studies,None,Digital Marketer,"Content Strategy, Copywriting, Social Media Marketing, PPC Advertising, Email Campaigns, Google Analytics",Digital Marketer,High Demand,70,91,83,95,73
21,7th Semester,Mathematics,None,Investment Banker,"Negotiation, Excel, Capital Markets",Investment Banker,High Demand,83,87,99,70,88
28,Graduate,Engineering,None,Electrical Engineer,"Signal Processing, Circuit Design, Microcontrollers, Power Systems",Electrical Engineer,High Demand,81,61,90,65,77
21,6th Semester,Business Studies,Intermediate,Business Analyst,"Business Strategy, Process Mapping, Agile/Scrum, Adaptability, Data Analytics, Creativity, Requirements Gathering",Business Analyst,High Demand,94,94,82,75,88
22,7th Semester,Computer Science,Intermediate,Business Analyst,"Computer Vision, Control Systems, ROS",Robotics Engineer,High Demand,99,69,97,80,63
22,8th Semester,Physics,None,Pilot,"Communication, Time Management, Meteorology, Emergency Procedures, Radio Communication, Flight Navigation",Pilot,Trending,81,79,98,63,84
25,7th Semester,Engineering,Advanced,DevOps Engineer,"Communication, Jenkins, Teamwork, Docker, Linux Bash, Kubernetes",DevOps Engineer,High Demand,99,74,83,66,71
23,Postgraduate,Engineering,Beginner,Aerospace Engineer,"Problem Solving, Aerodynamics, MATLAB, Adaptability, Flight Simulation, Avionics, Propulsion Systems, Structural Analysis",Aerospace Engineer,Emerging,95,73,94,84,67
17,1st Semester,Cybersecurity,Intermediate,Cybersecurity Analyst,"Python, Penetration Testing, Adaptability, Network Security, Wireshark",Cybersecurity Analyst,High Demand,90,62,85,70,52
23,Graduate,Economics,Beginner,Investment Banker,"Negotiation, Pitch Decks, Capital Markets, Time Management, Excel, Valuation, Market Research, Teamwork",Investment Banker,High Demand,92,86,94,66,83
23,7th Semester,Economics,Intermediate,Data Scientist,"Python, Scikit-Learn, Communication, Analytical Thinking, Statistics, R, Problem Solving, Machine Learning",Data Scientist,High Demand,96,75,90,75,66
19,Diploma,Biology,None,Psychologist,"Mental Health Assessment, Active Listening, Research Methods, Ethics",Psychologist,High Demand,71,88,89,71,72
21,5th Semester,Economics,None,Chartered Accountant,"Attention to Detail, Financial Analysis, Corporate Law, Teamwork, Financial Accounting, Problem Solving, Auditing",Chartered Accountant,Stable,79,77,89,63,71
27,8th Semester,Business Studies,None,Entrepreneur,"Business Model Generation, Risk Management, Sales & Marketing, Pitching & Fundraising, Resilience",Entrepreneur,Emerging,72,90,86,90,99
19,4th Semester,Engineering,None,Pilot,"Spatial Awareness, Radio Communication, Flight Navigation, Aircraft Systems",Pilot,Trending,84,87,91,47,79
18,10th,Economics,Intermediate,Business Analyst,"Tableau, Process Mapping, SQL",Business Analyst,High Demand,83,87,86,65,77
18,12th,Engineering,Intermediate,DevOps Engineer,"Python, Linux, Ethical Hacking, Creativity, Cryptography",Cybersecurity Analyst,High Demand,98,57,88,70,61
26,Graduate,Medical Science,Beginner,Pharmacist,"Communication, Attention to Detail, Drug Interactions, Organic Chemistry, Creativity",Pharmacist,Stable,87,79,83,52,58
24,Graduate,Chemistry,Intermediate,Research Scientist,"Hypothesis Testing, Academic Writing, Communication, Data Analysis, Critical Analysis, Statistics, Teamwork, Scientific Research",Research Scientist,Stable,97,74,99,79,77
28,8th Semester,Engineering,None,Civil Engineer,"Surveying, Construction Management, Geotechnical Engineering, AutoCAD",Civil Engineer,Stable,81,83,90,68,77
26,Graduate,Hospitality,Beginner,Chef,"Time Management, Culinary Techniques, Adaptability, Food Safety, Menu Engineering",Chef,Trending,78,85,77,89,85
18,12th,Engineering,Beginner,Software Developer,"Critical Thinking, Algorithms, Java, C++, Object-Oriented Programming",Software Developer,High Demand,86,68,89,69,62
23,Graduate,Animation,None,Graphic Designer,"Branding, Photoshop, Layout Design, Illustrator, Creativity, Color Theory",Graphic Designer,Trending,67,79,68,99,70
22,8th Semester,Computer Science,Advanced,Cybersecurity Analyst,"Linux, Firewalls, Ethical Hacking, Wireshark, Problem Solving",Cybersecurity Analyst,High Demand,99,75,84,80,66
27,7th Semester,Physics,Advanced,Electrical Engineer,"Signal Processing, Circuit Design, PCB Design, Microcontrollers, Power Systems",Electrical Engineer,High Demand,99,67,88,70,57
26,8th Semester,Law,None,Journalist,"Storytelling, Critical Thinking, Fact Checking, Video Journalism, Media Ethics, Interviewing",Journalist,Stable,66,97,84,90,70
20,8th Semester,Biology,None,Doctor,"Patient Care, Adaptability, Emergency Response, Clinical Diagnosis",Doctor,High Demand,87,91,90,56,84
27,8th Semester,Chemistry,None,Chef,"Sensory Evaluation, Communication, Time Management, Culinary Techniques, Food Safety, Menu Engineering, Creativity",Chef,Trending,80,78,80,92,83
27,Postgraduate,Mathematics,Beginner,Software Developer,"Git, Communication, Data Structures, Algorithms, C++, Object-Oriented Programming",Software Developer,High Demand,89,61,89,65,50
27,Postgraduate,Engineering,None,Civil Engineer,"AutoCAD, Adaptability, Teamwork, Surveying, Construction Management, Geotechnical Engineering",Civil Engineer,Stable,80,68,88,54,84
17,12th,Biology,Beginner,Biomedical Engineer,"Materials Science, Python, Critical Thinking, CAD Design, Biology, Prosthetics, Problem Solving",Biomedical Engineer,Trending,90,67,87,76,74
21,7th Semester,Physics,Advanced,Teacher,"Python, Computer Vision, C++, Kinematics, Control Systems",Robotics Engineer,High Demand,99,68,87,84,61
20,8th Semester,Physics,Beginner,Aerospace Engineer,"Critical Thinking, Aerodynamics, CAD Modeling, Flight Simulation, Propulsion Systems, Structural Analysis",Aerospace Engineer,Emerging,93,64,93,70,77
28,8th Semester,Economics,Intermediate,IAS Officer,"Decision Making, General Studies, Crisis Management, Leadership, Public Administration, Public Communication",IAS Officer,Stable,83,91,97,66,96
25,7th Semester,Economics,None,Entrepreneur,"Leadership, Business Model Generation, Risk Management, Teamwork, Problem Solving, Pitching & Fundraising",Entrepreneur,Emerging,67,99,97,84,99
22,6th Semester,Business Studies,None,Product Designer,"User Empathy, Iterative Design, Customer Research",Product Designer,High Demand,75,85,83,93,69
18,1st Semester,Medical Science,Advanced,Doctor,"Patient Care, Critical Thinking, Pharmacology, Physiology",Doctor,High Demand,99,92,89,61,82
28,7th Semester,Chemistry,None,Pharmacist,"Attention to Detail, Dosage Calculation, Organic Chemistry, Communication",Pharmacist,Stable,81,68,78,53,65
17,12th,Physics,Beginner,Astrophysicist,"Astronomical Observation, Astrophysics, Time Management, Quantum Mechanics, Problem Solving, Data Modeling",Astrophysicist,Emerging,91,66,99,78,69
23,Graduate,Economics,None,Investment Banker,"Negotiation, Excel, Adaptability, Teamwork, Market Research, Financial Modeling",Investment Banker,High Demand,88,89,96,60,84
21,6th Semester,Engineering,Intermediate,Cloud Engineer,"Networking, Azure, Terraform, Docker, System Architecture, CI/CD",Cloud Engineer,High Demand,98,65,88,63,60
20,6th Semester,Medical Science,None,Pharmacist,"Patient Counseling, Attention to Detail, Dosage Calculation, Drug Interactions, Teamwork, Organic Chemistry, Problem Solving, Quality Control",Pharmacist,Stable,80,79,83,59,61
21,2nd Semester,Engineering,None,Product Designer,"User Empathy, Communication, Teamwork, Customer Research, Product Strategy, Iterative Design, Prototyping",Product Designer,High Demand,77,81,85,99,71
18,1st Semester,Mathematics,None,Pilot,"Spatial Awareness, Emergency Procedures, High Focus",Pilot,Trending,79,90,92,61,83
23,Graduate,Mathematics,Beginner,AI Engineer,"Linear Algebra, TensorFlow, Calculus, PyTorch",AI Engineer,High Demand,87,79,90,75,60
25,7th Semester,Computer Science,Intermediate,Data Scientist,"Python, Pandas, Scikit-Learn, Statistics, R, Problem Solving",Data Scientist,High Demand,99,76,97,77,61
25,Postgraduate,Engineering,Intermediate,Cybersecurity Analyst,"Aerodynamics, MATLAB, Flight Simulation, Creativity, Structural Analysis",Aerospace Engineer,Emerging,95,71,90,73,76
28,7th Semester,Physics,Beginner,Aerospace Engineer,"Aerodynamics, MATLAB, CAD Modeling, Flight Simulation, Avionics, Structural Analysis",Aerospace Engineer,Emerging,93,65,80,75,66
23,Graduate,Commerce,None,Digital Marketer,"Social Media Marketing, SEM, Time Management, Email Campaigns, SEO, Google Analytics",Digital Marketer,High Demand,75,80,83,92,74
27,Graduate,Physics,None,Research Scientist,"Python, Astronomical Observation, Time Management, Numerical Simulation, Data Modeling",Astrophysicist,Emerging,85,67,93,77,65
21,5th Semester,Law,Beginner,Lawyer,"Contract Drafting, Constitutional Law, Legal Research, Courtroom Advocacy, Argumentation",Lawyer,Stable,72,97,87,72,76
17,1st Semester,Cybersecurity,Expert,Product Designer,"Linux, Critical Thinking, Penetration Testing, Firewalls, Network Security, Wireshark",Cybersecurity Analyst,High Demand,99,65,84,63,58
28,Graduate,Physics,Beginner,Mechanical Engineer,"AutoCAD, Fluid Mechanics, Thermodynamics, Manufacturing, Problem Solving, SolidWorks",Mechanical Engineer,Stable,87,68,88,68,77
26,Graduate,Design,Intermediate,UI/UX Designer,"Design Thinking, Usability Testing, Adaptability, Design Systems, Visual Hierarchy, Interaction Design",UI/UX Designer,High Demand,79,89,80,89,72
18,1st Semester,Psychology,None,UI/UX Designer,"Critical Thinking, Contract Drafting, Public Speaking, Legal Research, Teamwork, Courtroom Advocacy, Argumentation",Lawyer,Stable,72,96,87,68,86
19,2nd Semester,Physics,Advanced,Biomedical Engineer,"Teamwork, Signal Processing, Biology, Medical Devices",Biomedical Engineer,Trending,93,75,85,84,63
22,8th Semester,Mathematics,Beginner,Astrophysicist,"Python, Astronomical Observation, Communication, Quantum Mechanics, Calculus, Numerical Simulation, Astrophysics",Astrophysicist,Emerging,93,76,97,71,67
25,Graduate,Engineering,Beginner,Pilot,"High Focus, Communication, Spatial Awareness, Problem Solving, Emergency Procedures, Flight Navigation",Pilot,Trending,83,86,93,55,75
26,Graduate,Engineering,Advanced,Mobile App Developer,"Linux, Adaptability, AWS, Docker, Creativity",Cloud Engineer,High Demand,95,72,85,62,71
18,10th,Education,Intermediate,Dentist,"Critical Thinking, Lesson Planning, Student Evaluation, Classroom Management, Empathy",Teacher,Stable,73,88,79,77,85
21,4th Semester,Engineering,Intermediate,Aerospace Engineer,"Networking, AWS, Terraform, Docker, System Architecture",Cloud Engineer,High Demand,85,64,80,65,60
28,Graduate,Design,None,UI/UX Designer,"Usability Testing, Time Management, Problem Solving, Wireframing, Figma",UI/UX Designer,High Demand,76,96,85,87,75
20,5th Semester,Mathematics,None,Electrical Engineer,"Signal Processing, Circuit Design, MATLAB, PCB Design, Teamwork, Creativity, Embedded Systems, Microcontrollers",Electrical Engineer,High Demand,80,62,94,71,55
18,12th,Economics,Intermediate,Product Manager,"Business Strategy, Tableau, SQL, Agile/Scrum, Data Analytics, Problem Solving, Requirements Gathering",Business Analyst,High Demand,84,83,82,73,74
24,8th Semester,Economics,Beginner,IAS Officer,"General Studies, Public Communication, Leadership, Governance",IAS Officer,Stable,72,92,88,65,84
21,3rd Semester,Mathematics,Intermediate,Mechanical Engineer,"Cosmology, Astronomical Observation, Astrophysics, Calculus, Numerical Simulation, Data Modeling",Astrophysicist,Emerging,96,59,96,71,66
18,12th,Physics,None,Mechanical Engineer,"Thermodynamics, SolidWorks, AutoCAD",Mechanical Engineer,Stable,80,77,83,80,73
17,1st Semester,Law,Intermediate,IAS Officer,"General Studies, Crisis Management, Time Management, Leadership, Teamwork",IAS Officer,Stable,89,90,94,72,94
26,Postgraduate,Psychology,Intermediate,UI/UX Designer,"Prototyping, Design Thinking, Usability Testing, Design Systems, Creativity, Figma",UI/UX Designer,High Demand,85,84,78,97,66
27,Graduate,Mathematics,Intermediate,Research Scientist,"Hypothesis Testing, Academic Writing, Time Management, Laboratory Techniques, Data Analysis, Teamwork",Research Scientist,Stable,99,76,91,73,70
22,6th Semester,Commerce,Intermediate,Financial Analyst,"Financial Statement Analysis, Ratio Analysis, Forecasting, Time Management, Excel, Python for Finance, Market Research",Financial Analyst,Trending,86,82,92,57,66
25,7th Semester,Mathematics,Beginner,Software Developer,"Python, Creativity, Critical Thinking, Git, Data Structures, REST APIs, Problem Solving, Object-Oriented Programming",Software Developer,High Demand,88,59,92,74,52
19,6th Semester,Economics,Beginner,Product Manager,"Roadmap Planning, Agile, Metrics & KPIs, Leadership, Teamwork, User Research, Cross-Functional Coordination",Product Manager,Trending,80,95,96,89,94
19,8th Semester,Mathematics,Intermediate,Electrical Engineer,"Circuit Design, Microcontrollers, Power Systems",Electrical Engineer,High Demand,90,76,92,77,66
21,5th Semester,Physics,Beginner,Civil Engineer,"AutoCAD, Site Inspection, Project Planning, Surveying, Geotechnical Engineering, Structural Analysis",Civil Engineer,Stable,81,73,91,68,81
22,6th Semester,Commerce,Advanced,Entrepreneur,"Communication, Adaptability, Leadership, Risk Management, Sales & Marketing, Pitching & Fundraising",Entrepreneur,Emerging,91,99,89,82,99
19,Diploma,Psychology,None,Lawyer,"Negotiation, Public Speaking, Constitutional Law, Time Management, Legal Research, Teamwork, Courtroom Advocacy, Argumentation",Lawyer,Stable,63,94,96,75,73
28,Graduate,Medical Science,Intermediate,Dentist,"Hygiene Standards, Manual Dexterity, Oral Surgery, Patient Communication, Diagnostics",Dentist,Stable,97,80,82,76,63
21,Diploma,Economics,None,IAS Officer,"Decision Making, Communication, Time Management, Policy Formulation, Public Administration, Public Communication",IAS Officer,Stable,80,86,94,69,97
21,4th Semester,Economics,Intermediate,Digital Marketer,"Content Strategy, Social Media Marketing, SEM, Copywriting, Email Campaigns, Google Analytics",Digital Marketer,High Demand,76,85,78,89,79
21,7th Semester,Computer Science,Advanced,Robotics Engineer,"Sensors & Actuators, Python, Computer Vision, ROS, Mechatronics, Kinematics",Robotics Engineer,High Demand,99,65,96,76,65
23,Graduate,Mathematics,Intermediate,DevOps Engineer,"Python, Git, Data Structures, Algorithms, C++",Software Developer,High Demand,88,64,98,76,52
26,Postgraduate,Mathematics,Beginner,Professor,"Research Methodology, Critical Thinking, Academic Lecturing, Public Speaking, Scientific Publication, Pedagogy, Curriculum Development",Professor,Stable,86,92,88,72,78
22,5th Semester,Chemistry,None,Professor,"Time Management, Child Psychology, Communication, Student Evaluation",Teacher,Stable,67,99,79,85,72
28,8th Semester,Mathematics,Beginner,Financial Analyst,"Ratio Analysis, Forecasting, Python for Finance, Teamwork, PowerBI",Financial Analyst,Trending,96,81,96,58,65
27,Graduate,Design,None,Animator,"Texturing, Maya, Blender, Character Animation",Animator,Emerging,77,72,78,90,64
21,8th Semester,Mathematics,Intermediate,Data Scientist,"Tableau, Teamwork, Statistics, Scikit-Learn",Data Scientist,High Demand,89,78,95,69,56
28,8th Semester,Commerce,None,Investment Banker,"Negotiation, Financial Modeling, Market Research, M&A Analysis",Investment Banker,High Demand,84,80,91,59,74
22,7th Semester,Commerce,Beginner,Entrepreneur,"Leadership, Teamwork, Business Model Generation, Risk Management, Sales & Marketing, Resilience",Entrepreneur,Emerging,76,95,94,97,92
23,8th Semester,Physics,None,Civil Engineer,"Construction Management, Geotechnical Engineering, Structural Analysis",Civil Engineer,Stable,78,69,85,74,81
26,7th Semester,Medical Science,None,Doctor,"Emergency Response, Critical Thinking, Physiology",Doctor,High Demand,87,89,89,63,69
25,Graduate,Psychology,None,UI/UX Designer,"Prototyping, Design Thinking, Time Management, User Research, Problem Solving, Visual Hierarchy, Figma, Interaction Design",UI/UX Designer,High Demand,68,89,81,91,63
25,7th Semester,Psychology,None,Psychologist,"Storytelling, News Writing, Adaptability, Fact Checking, Investigative Reporting, Media Ethics, Interviewing",Journalist,Stable,63,94,90,91,82
27,7th Semester,Commerce,Intermediate,Entrepreneur,"Leadership, Business Model Generation, Sales & Marketing, Problem Solving, Growth Strategy, Pitching & Fundraising",Entrepreneur,Emerging,76,87,94,89,96
18,12th,Computer Science,Intermediate,AI Engineer,"Neural Networks, Linear Algebra, Time Management, NLP, Algorithms, Problem Solving, PyTorch, Machine Learning",AI Engineer,High Demand,91,67,86,81,69
17,10th,Design,Advanced,Mobile App Developer,"Git, React Native, REST APIs, Kotlin, Mobile Architecture, Flutter",Mobile App Developer,Trending,96,62,84,87,61
28,8th Semester,Animation,Beginner,Animator,"Creativity, Texturing, Blender, Character Animation",Animator,Emerging,83,54,77,96,59
19,6th Semester,Computer Science,Beginner,Entrepreneur,"Communication, Teamwork, Business Model Generation, Sales & Marketing, Growth Strategy, Pitching & Fundraising, Resilience",Entrepreneur,Emerging,77,96,86,99,92
27,7th Semester,Psychology,None,Psychologist,"Time Management, Active Listening, Counseling, Research Methods",Psychologist,High Demand,66,96,81,72,80
21,7th Semester,Economics,Intermediate,Data Scientist,"Python, Pandas, SQL, Statistics, R",Data Scientist,High Demand,91,78,95,82,65
26,Postgraduate,Engineering,Intermediate,Professor,"Python, Networking, AWS, Terraform, Docker, Teamwork, Problem Solving, CI/CD",Cloud Engineer,High Demand,94,65,86,61,62
23,Postgraduate,Design,None,UI/UX Designer,"Motion Graphics, After Effects, Maya, Character Animation",Animator,Emerging,70,80,77,99,58
27,7th Semester,Cybersecurity,Advanced,Cybersecurity Analyst,"Linux, Penetration Testing, Time Management, Network Security, Ethical Hacking, Wireshark, Cryptography",Cybersecurity Analyst,High Demand,94,69,89,61,65
23,7th Semester,Economics,Intermediate,Product Manager,"Roadmap Planning, Agile, Metrics & KPIs, User Research, Cross-Functional Coordination, Market Strategy",Product Manager,Trending,80,97,88,82,93
24,Postgraduate,Finance,Intermediate,Chartered Accountant,"Financial Reporting, Financial Analysis, Adaptability, Corporate Law, Financial Accounting, Auditing",Chartered Accountant,Stable,96,71,90,58,65
28,7th Semester,Mathematics,Advanced,Astrophysicist,"Python, Cosmology, Astrophysics, Time Management, Quantum Mechanics, Calculus, Data Modeling",Astrophysicist,Emerging,99,75,91,70,68
23,7th Semester,Biology,Beginner,Psychologist,"Counseling, Research Methods, Empathy",Psychologist,High Demand,70,95,92,72,79
17,10th,Cybersecurity,Expert,Cybersecurity Analyst,"Python, Incident Response, Critical Thinking, Firewalls, Adaptability, Ethical Hacking, Wireshark, Cryptography",Cybersecurity Analyst,High Demand,94,66,88,67,59
25,7th Semester,Chemistry,Intermediate,Pharmacist,"Patient Counseling, Attention to Detail, Drug Interactions, Organic Chemistry, Quality Control",Pharmacist,Stable,85,81,86,53,63
21,3rd Semester,Medical Science,None,Teacher,"Dental Anatomy, Problem Solving, Oral Surgery, Patient Communication",Dentist,Stable,82,88,85,72,72
22,7th Semester,Mathematics,None,Investment Banker,"Negotiation, Capital Markets, Valuation, Teamwork, Problem Solving, M&A Analysis",Investment Banker,High Demand,81,90,90,62,79
27,Graduate,Computer Science,None,Professor,"Time Management, Public Speaking, Scientific Publication, Mentorship",Professor,Stable,73,91,87,65,86
17,1st Semester,Chemistry,Beginner,Doctor,"Critical Thinking, Medical Ethics, Emergency Response, Patient Care, Empathy",Doctor,High Demand,92,85,97,61,75
18,12th,Computer Science,Advanced,Robotics Engineer,"Sensors & Actuators, Computer Vision, Communication, ROS, Creativity, Control Systems",Robotics Engineer,High Demand,95,76,93,80,78
22,8th Semester,Economics,Beginner,IAS Officer,"General Studies, Crisis Management, Policy Formulation, Public Administration, Public Communication",IAS Officer,Stable,87,95,90,69,95
24,Postgraduate,Law,Beginner,Lawyer,"Negotiation, Critical Thinking, Public Speaking, Constitutional Law, Legal Research, Creativity, Courtroom Advocacy, Problem Solving",Lawyer,Stable,78,93,91,69,86
26,Postgraduate,Medical Science,Beginner,Dentist,"Hygiene Standards, Time Management, Adaptability, Dental Anatomy, Empathy",Dentist,Stable,89,82,85,76,75
24,8th Semester,Physics,Intermediate,Electrical Engineer,"Circuit Design, Time Management, MATLAB, PCB Design, Microcontrollers, Power Systems",Electrical Engineer,High Demand,91,57,91,66,66
18,12th,Biology,None,Doctor,"Critical Thinking, Pharmacology, Medical Ethics, Physiology, Patient Care, Clinical Diagnosis",Doctor,High Demand,84,88,88,55,83
23,Postgraduate,Medical Science,Intermediate,Dentist,"Communication, Manual Dexterity, Oral Surgery, Teamwork, Diagnostics, Empathy",Dentist,Stable,87,82,84,71,75
21,3rd Semester,Computer Science,Intermediate,AI Engineer,"Neural Networks, Linear Algebra, NLP, Algorithms, Calculus, Deep Learning",AI Engineer,High Demand,95,71,92,79,67
19,4th Semester,Engineering,Intermediate,DevOps Engineer,"Python, Cloud Security, Jenkins, Adaptability, Creativity",DevOps Engineer,High Demand,96,69,84,64,68
23,Postgraduate,Artificial Intelligence,Intermediate,Cloud Engineer,"Computer Vision, Kinematics, ROS",Robotics Engineer,High Demand,92,68,97,83,70
27,8th Semester,Psychology,Intermediate,Journalist,"Storytelling, News Writing, Fact Checking, Video Journalism, Investigative Reporting, Interviewing",Journalist,Stable,84,96,87,88,75
27,7th Semester,Business Studies,None,Product Manager,"Roadmap Planning, Leadership, Product Vision, Teamwork, User Research, Cross-Functional Coordination, Market Strategy",Product Manager,Trending,70,89,87,85,89
26,Postgraduate,Artificial Intelligence,Intermediate,AI Engineer,"NLP, Algorithms, Calculus, PyTorch, Machine Learning",AI Engineer,High Demand,97,61,96,91,61
19,3rd Semester,Business Studies,None,Digital Marketer,"Content Strategy, Copywriting, Communication, PPC Advertising, Email Campaigns, SEO, Teamwork",Digital Marketer,High Demand,68,89,83,87,76
17,1st Semester,Biology,None,Teacher,"Patience, Child Psychology, Student Evaluation, Teamwork, Problem Solving, Classroom Management, Empathy",Teacher,Stable,70,99,84,75,74
23,7th Semester,Computer Science,Expert,DevOps Engineer,"Time Management, GitLab CI, Docker, Teamwork, Kubernetes",DevOps Engineer,High Demand,99,60,90,67,65
26,Graduate,Physics,Beginner,Aerospace Engineer,"Creativity, Aerodynamics, MATLAB, Flight Simulation, Teamwork, Avionics, Propulsion Systems",Aerospace Engineer,Emerging,93,65,94,75,60
17,12th,Artificial Intelligence,Intermediate,Robotics Engineer,"Sensors & Actuators, Python, Critical Thinking, ROS, Creativity, C++, Kinematics, Control Systems",Robotics Engineer,High Demand,98,69,90,82,61
23,Postgraduate,Law,Intermediate,Lawyer,"Negotiation, Public Speaking, Constitutional Law, Adaptability, Legal Research, Problem Solving, Courtroom Advocacy, Argumentation",Lawyer,Stable,89,96,91,87,82
18,12th,Economics,Intermediate,Chartered Accountant,"Teamwork, Corporate Law, Excel Mastery, Taxation",Chartered Accountant,Stable,90,72,84,49,73
18,10th,Artificial Intelligence,Advanced,Robotics Engineer,"Python, C++, Kinematics",Robotics Engineer,High Demand,99,54,96,83,72
22,2nd Semester,Engineering,Advanced,Full-Stack Developer,"Git, SQL, Communication, MongoDB, HTML/CSS, Node.js",Full-Stack Developer,High Demand,93,67,81,75,66
24,8th Semester,Engineering,None,Civil Engineer,"Creativity, Site Inspection, Project Planning, Surveying, Geotechnical Engineering",Civil Engineer,Stable,77,67,86,59,75
21,3rd Semester,Finance,Beginner,Chartered Accountant,"Attention to Detail, Auditing, Taxation, Financial Reporting",Chartered Accountant,Stable,84,74,88,57,73
21,7th Semester,Economics,None,IAS Officer,"Governance, General Studies, Crisis Management, Leadership, Public Communication",IAS Officer,Stable,73,94,90,79,94
17,12th,Engineering,Beginner,Electrical Engineer,"Signal Processing, Critical Thinking, Circuit Design, MATLAB, Creativity, Embedded Systems, Microcontrollers",Electrical Engineer,High Demand,83,71,93,80,69
23,Graduate,Engineering,Intermediate,Robotics Engineer,"Python, Sensors & Actuators, Computer Vision, ROS, C++, Control Systems",Robotics Engineer,High Demand,98,72,93,84,64
19,4th Semester,Economics,Intermediate,Data Scientist,"Python, Pandas, Data Visualization, Scikit-Learn, SQL, Communication, Teamwork, Machine Learning",Data Scientist,High Demand,99,71,97,69,60
24,Graduate,Engineering,Advanced,Cloud Engineer,"Python, Networking, AWS, Azure, System Architecture, Problem Solving",Cloud Engineer,High Demand,98,69,86,56,70
27,Postgraduate,Mathematics,Beginner,Financial Analyst,"Ratio Analysis, Forecasting, Excel, Python for Finance, Market Research, Teamwork, Creativity, PowerBI",Financial Analyst,Trending,82,71,91,59,66
23,7th Semester,Biology,None,Biomedical Engineer,"Hygiene Standards, Adaptability, Manual Dexterity, Teamwork, Dental Anatomy, Diagnostics, Empathy",Dentist,Stable,86,80,87,61,86
17,12th,Economics,None,Business Analyst,"Negotiation, Pitch Decks, Valuation, Market Research, Financial Modeling",Investment Banker,High Demand,84,82,91,63,94
18,1st Semester,Design,None,DevOps Engineer,"Figma, Design Systems, Problem Solving, Prototyping",UI/UX Designer,High Demand,80,74,79,88,74
25,8th Semester,Physics,Beginner,Pilot,"Creativity, High Focus, Problem Solving, Emergency Procedures, Radio Communication, Flight Navigation",Pilot,Trending,93,75,93,58,82
18,1st Semester,Engineering,Intermediate,DevOps Engineer,"Infrastructure as Code, Monitoring, Kubernetes",DevOps Engineer,High Demand,93,71,81,60,75
21,Diploma,Psychology,None,UI/UX Designer,"Adaptability, Design Systems, Problem Solving, Wireframing, Visual Hierarchy, Figma, Interaction Design",UI/UX Designer,High Demand,70,89,82,92,75
22,7th Semester,Economics,None,Chartered Accountant,"Taxation, Financial Reporting, Attention to Detail, Financial Analysis, Financial Accounting",Chartered Accountant,Stable,92,69,85,48,73
22,3rd Semester,Design,None,Product Designer,"Industrial Design, Customer Research, Figma, Iterative Design, Prototyping",Product Designer,High Demand,83,77,76,92,85
19,3rd Semester,Data Science,Intermediate,AI Engineer,"Neural Networks, NLP, TensorFlow, Deep Learning, PyTorch",AI Engineer,High Demand,99,68,88,80,71
26,7th Semester,Biology,Beginner,Biomedical Engineer,"Materials Science, Critical Thinking, CAD Design, Prosthetics, Biomechanics",Biomedical Engineer,Trending,94,64,86,78,70
18,10th,Physics,Advanced,Electrical Engineer,"Signal Processing, Critical Thinking, Embedded Systems, Microcontrollers, Power Systems",Electrical Engineer,High Demand,99,66,93,71,65
22,6th Semester,Commerce,Beginner,Chartered Accountant,"Taxation, Attention to Detail, Teamwork, Financial Accounting, Auditing",Chartered Accountant,Stable,89,76,91,47,69
26,Postgraduate,Business Studies,None,Product Designer,"Creativity, Industrial Design, Customer Research, Product Strategy, Figma, Iterative Design, Prototyping",Product Designer,High Demand,75,82,92,86,80
23,Graduate,Computer Science,None,Entrepreneur,"Growth Strategy, Business Model Generation, Risk Management",Entrepreneur,Emerging,69,92,99,96,93
28,Graduate,Data Science,Expert,AI Engineer,"Algorithms, TensorFlow, PyTorch",AI Engineer,High Demand,99,77,95,75,60
28,8th Semester,Psychology,Intermediate,Journalist,"Storytelling, News Writing, Investigative Reporting, Creativity, Interviewing",Journalist,Stable,76,99,90,87,68
24,8th Semester,Law,Beginner,IAS Officer,"Policy Formulation, Public Administration, Decision Making, Governance",IAS Officer,Stable,85,89,92,58,92
20,3rd Semester,Psychology,Beginner,Lawyer,"Negotiation, Critical Thinking, Constitutional Law, Public Speaking, Legal Research, Argumentation",Lawyer,Stable,83,88,93,78,87
27,8th Semester,Animation,None,Graphic Designer,"Branding, Photoshop, Layout Design, Time Management, Typography, Creativity, Problem Solving",Graphic Designer,Trending,66,78,75,89,60
24,Postgraduate,Engineering,None,Mechanical Engineer,"AutoCAD, Thermodynamics, Manufacturing, Material Science, Teamwork",Mechanical Engineer,Stable,72,61,92,70,77
17,10th,Engineering,Intermediate,Cloud Engineer,"Communication, Adaptability, AWS, Terraform, Kubernetes",Cloud Engineer,High Demand,85,65,82,59,64
27,Postgraduate,Physics,Intermediate,Full-Stack Developer,"Python, Computer Vision, Sensors & Actuators, ROS",Robotics Engineer,High Demand,96,68,91,86,63
18,12th,Computer Science,Expert,Cloud Engineer,"Neural Networks, Adaptability, Deep Learning, NLP",AI Engineer,High Demand,99,67,91,80,66
19,7th Semester,Computer Science,Beginner,UI/UX Designer,"Figma, Design Systems, Visual Hierarchy, Prototyping",UI/UX Designer,High Demand,77,84,79,96,63
26,7th Semester,Economics,None,Product Manager,"Metrics & KPIs, Cross-Functional Coordination, User Research",Product Manager,Trending,80,90,87,72,92
27,8th Semester,Mathematics,Intermediate,Astrophysicist,"Python, Quantum Mechanics, Astrophysics",Astrophysicist,Emerging,99,66,97,80,62
21,2nd Semester,Computer Science,Intermediate,Electrical Engineer,"Cloud Security, Adaptability, GitLab CI, Monitoring, Docker, Linux Bash",DevOps Engineer,High Demand,93,63,91,59,58
26,7th Semester,Business Studies,Beginner,Product Designer,"User Empathy, Industrial Design, Customer Research, Product Strategy, Iterative Design, Figma",Product Designer,High Demand,78,90,82,94,74
22,3rd Semester,Physics,Intermediate,Biomedical Engineer,"Cosmology, Quantum Mechanics, Problem Solving, Numerical Simulation, Astrophysics",Astrophysicist,Emerging,99,66,90,75,60
24,8th Semester,Engineering,Intermediate,Product Designer,"Product Strategy, Industrial Design, Figma",Product Designer,High Demand,83,94,82,88,93
22,8th Semester,Biology,None,Pharmacist,"Attention to Detail, Dosage Calculation, Time Management, Drug Interactions, Pharmacology, Organic Chemistry, Quality Control",Pharmacist,Stable,78,74,84,54,70
23,7th Semester,Commerce,None,Entrepreneur,"Sales & Marketing, Leadership, Growth Strategy, Business Model Generation",Entrepreneur,Emerging,67,91,87,83,97
17,12th,Computer Science,Advanced,UI/UX Designer,"Design Thinking, Usability Testing, Design Systems, User Research, Visual Hierarchy, Interaction Design",UI/UX Designer,High Demand,89,71,81,99,65
22,3rd Semester,Biology,Intermediate,Pharmacist,"Organic Chemistry, Dosage Calculation, Attention to Detail, Drug Interactions",Pharmacist,Stable,93,76,80,65,57
28,8th Semester,Mathematics,None,Pilot,"High Focus, Critical Thinking, Aircraft Systems, Spatial Awareness, Adaptability, Meteorology, Emergency Procedures, Radio Communication",Pilot,Trending,81,74,84,56,93
17,12th,Economics,None,Entrepreneur,"Creativity, Leadership, Business Model Generation, Risk Management, Problem Solving, Growth Strategy, Resilience",Entrepreneur,Emerging,69,99,90,93,99
20,Diploma,Psychology,None,Lawyer,"Negotiation, Critical Thinking, Contract Drafting, Constitutional Law, Public Speaking",Lawyer,Stable,76,93,96,74,92
28,7th Semester,Computer Science,Advanced,Full-Stack Developer,"HTML/CSS, Express, Node.js, SQL",Full-Stack Developer,High Demand,96,73,79,79,69
25,Postgraduate,Business Studies,None,Entrepreneur,"Critical Thinking, Leadership, Teamwork, Risk Management, Sales & Marketing, Pitching & Fundraising",Entrepreneur,Emerging,67,93,88,84,97
20,2nd Semester,Biology,Intermediate,Research Scientist,"Python, Adaptability, Critical Analysis, Statistics, Problem Solving, Scientific Research",Research Scientist,Stable,97,79,97,76,63
17,1st Semester,Finance,None,Chartered Accountant,"Taxation, Financial Reporting, Attention to Detail, Financial Analysis, Corporate Law",Chartered Accountant,Stable,86,75,88,58,69
21,4th Semester,Biology,Beginner,Biomedical Engineer,"Materials Science, Signal Processing, Critical Thinking, Medical Devices, CAD Design, Biomechanics",Biomedical Engineer,Trending,90,73,99,80,74
17,10th,Physics,None,Research Scientist,"Construction Management, Creativity, AutoCAD, Site Inspection, Project Planning, Teamwork, Surveying, Geotechnical Engineering",Civil Engineer,Stable,81,65,88,61,81
26,Graduate,Engineering,None,Civil Engineer,"AutoCAD, Site Inspection, Surveying, Construction Management, Geotechnical Engineering",Civil Engineer,Stable,76,76,92,58,74
22,3rd Semester,Mathematics,None,Pilot,"High Focus, Time Management, Meteorology, Creativity, Emergency Procedures",Pilot,Trending,85,88,94,53,96
17,12th,Business Studies,Intermediate,Business Analyst,"Communication, Tableau, Business Strategy, Stakeholder Management, Data Analytics",Business Analyst,High Demand,82,90,84,67,81
18,1st Semester,Chemistry,None,Dentist,"Hygiene Standards, Critical Thinking, Manual Dexterity, Oral Surgery, Patient Communication, Empathy",Dentist,Stable,80,84,85,74,61
22,3rd Semester,Medical Science,None,Dentist,"Dental Anatomy, Hygiene Standards, Diagnostics, Creativity",Dentist,Stable,82,80,77,66,73
19,2nd Semester,Education,None,IAS Officer,"Decision Making, Governance, Leadership, Public Administration, Public Communication",IAS Officer,Stable,77,91,91,71,98
22,5th Semester,Engineering,Intermediate,Cloud Engineer,"Python, Networking, Azure, System Architecture, Kubernetes, CI/CD",Cloud Engineer,High Demand,93,70,86,66,56
20,2nd Semester,Education,None,IAS Officer,"Public Communication, Policy Formulation, Leadership, Governance",IAS Officer,Stable,73,99,92,63,99
24,7th Semester,Physics,Beginner,Data Scientist,"Numerical Simulation, Calculus, Astrophysics",Astrophysicist,Emerging,96,59,93,82,56
22,6th Semester,Economics,None,Chartered Accountant,"Taxation, Financial Reporting, Communication, Financial Analysis, Attention to Detail, Teamwork, Financial Accounting, Auditing",Chartered Accountant,Stable,84,78,87,56,74
22,7th Semester,Business Studies,Intermediate,Product Manager,"User Research, Market Strategy, Roadmap Planning",Product Manager,Trending,81,89,91,81,94
18,1st Semester,Hospitality,Beginner,Chef,"Sensory Evaluation, Time Management, Kitchen Leadership, Food Safety, Creativity, Problem Solving",Chef,Trending,79,67,70,81,89
21,Diploma,Law,None,Lawyer,"Legal Research, Constitutional Law, Courtroom Advocacy, Problem Solving",Lawyer,Stable,70,94,97,75,98
26,Postgraduate,Economics,None,Investment Banker,"Capital Markets, Pitch Decks, Valuation, Market Research, Teamwork, Creativity",Investment Banker,High Demand,93,85,83,61,90
27,Graduate,Biology,None,Pharmacist,"Attention to Detail, Dosage Calculation, Adaptability, Organic Chemistry",Pharmacist,Stable,73,67,88,67,67
27,Postgraduate,Computer Science,Intermediate,Robotics Engineer,"Python, Kinematics, ROS",Robotics Engineer,High Demand,99,68,92,85,59
18,12th,Business Studies,None,Entrepreneur,"Sales & Marketing, Leadership, Time Management, Resilience",Entrepreneur,Emerging,70,94,86,93,99
22,2nd Semester,Engineering,Advanced,Data Scientist,"Python, Linux, Networking, Docker, Kubernetes, CI/CD",Cloud Engineer,High Demand,99,73,84,61,62
22,6th Semester,Business Studies,None,Entrepreneur,"Communication, Leadership, Risk Management, Sales & Marketing, Problem Solving, Growth Strategy, Pitching & Fundraising, Resilience",Entrepreneur,Emerging,77,91,93,99,98
26,7th Semester,Computer Science,Intermediate,Mobile App Developer,"React Native, Flutter, UI/UX",Mobile App Developer,Trending,88,70,76,78,64
18,1st Semester,Finance,Intermediate,Investment Banker,"Negotiation, Excel, Valuation, Financial Modeling, Problem Solving",Investment Banker,High Demand,88,94,91,63,82
23,8th Semester,Commerce,None,Chartered Accountant,"Financial Accounting, Excel Mastery, Auditing",Chartered Accountant,Stable,78,79,93,50,76
28,Graduate,Design,None,Product Designer,"Critical Thinking, Product Strategy, Creativity, Industrial Design, Figma",Product Designer,High Demand,80,89,87,98,60
23,Postgraduate,Design,Beginner,Animator,"Critical Thinking, After Effects, Maya, Character Animation",Animator,Emerging,76,71,75,97,65
24,7th Semester,Data Science,Expert,Data Scientist,"Python, Communication, Time Management, Algorithms, Calculus, PyTorch, Machine Learning",AI Engineer,High Demand,99,71,92,75,61
25,Graduate,Mathematics,None,Aerospace Engineer,"Aerodynamics, MATLAB, CAD Modeling, Flight Simulation, Teamwork, Avionics, Problem Solving",Aerospace Engineer,Emerging,93,64,87,77,61
25,Graduate,Computer Science,Beginner,Business Analyst,"Business Strategy, Tableau, Process Mapping, Stakeholder Management, Data Analytics, Requirements Gathering",Business Analyst,High Demand,77,85,85,75,75
25,7th Semester,Mathematics,None,Astrophysicist,"Ratio Analysis, Critical Thinking, Market Research, Python for Finance",Financial Analyst,Trending,84,73,90,64,83
25,7th Semester,Engineering,Intermediate,Full-Stack Developer,"React, Express, Git, SQL",Full-Stack Developer,High Demand,86,72,90,75,69
26,8th Semester,Computer Science,None,Software Developer,"Teamwork, Visual Hierarchy, Figma, Interaction Design",UI/UX Designer,High Demand,67,86,73,92,57
25,7th Semester,Mathematics,None,Full-Stack Developer,"Critical Thinking, Aerodynamics, Adaptability, CAD Modeling, Flight Simulation, Propulsion Systems, Structural Analysis",Aerospace Engineer,Emerging,85,66,91,75,69
23,Graduate,Design,Intermediate,Mobile App Developer,"Android Studio, Time Management, React Native, Mobile Architecture, Flutter, Swift",Mobile App Developer,Trending,98,77,81,81,60
21,Diploma,Animation,None,Animator,"Motion Graphics, Critical Thinking, 3D Modeling, Blender, Storyboarding, Problem Solving",Animator,Emerging,71,60,80,98,63
26,8th Semester,Economics,Intermediate,Data Scientist,"Data Visualization, SQL, Time Management, R, Creativity, Machine Learning",Data Scientist,High Demand,91,78,99,80,75
25,Postgraduate,Design,Beginner,Mobile App Developer,"Visual Identity, Branding, Illustrator, Typography, Creativity, Color Theory",Graphic Designer,Trending,72,71,75,93,58
24,Postgraduate,Engineering,Beginner,Product Designer,"User Empathy, Prototyping, Communication, Time Management, Product Strategy, Figma, Industrial Design, Iterative Design",Product Designer,High Demand,85,80,85,96,77
27,Graduate,Physics,Beginner,Research Scientist,"Hypothesis Testing, Critical Analysis, Statistics, Teamwork, Problem Solving",Research Scientist,Stable,90,75,92,75,69
17,1st Semester,Business Studies,None,Product Designer,"User Empathy, Iterative Design, Customer Research, Product Strategy, Industrial Design, Prototyping",Product Designer,High Demand,78,85,88,84,77
17,1st Semester,Law,Beginner,Journalist,"Teamwork, Storytelling, Investigative Reporting, Interviewing",Journalist,Stable,70,94,82,81,72
24,Postgraduate,Chemistry,None,Pilot,"Communication, Child Psychology, Student Evaluation, Teamwork, Problem Solving, Classroom Management, Empathy",Teacher,Stable,67,87,82,72,87
19,3rd Semester,Finance,Beginner,IAS Officer,"Negotiation, Pitch Decks, Capital Markets, Excel, Teamwork, Market Research, Financial Modeling",Investment Banker,High Demand,79,90,89,65,72
27,8th Semester,Economics,Advanced,Financial Analyst,"Financial Statement Analysis, Ratio Analysis, Forecasting, Excel, Market Research, Teamwork, PowerBI",Financial Analyst,Trending,99,85,86,66,70
17,10th,Physics,None,Pilot,"High Focus, Aircraft Systems, Meteorology, Emergency Procedures, Radio Communication, Flight Navigation",Pilot,Trending,88,80,98,61,85
18,1st Semester,Engineering,Intermediate,Product Designer,"Industrial Design, Iterative Design, Customer Research",Product Designer,High Demand,91,95,87,99,74
21,7th Semester,Physics,None,Teacher,"Lesson Planning, Communication, Time Management, Student Evaluation, Classroom Management, Empathy",Teacher,Stable,74,95,76,79,76
28,Graduate,Biology,Beginner,Psychologist,"Active Listening, Critical Thinking, Mental Health Assessment, Research Methods, Counseling, Cognitive Behavioral Therapy, Creativity",Psychologist,High Demand,77,92,79,69,88
18,1st Semester,Design,None,UI/UX Designer,"Usability Testing, Adaptability, Teamwork, Prototyping, Interaction Design",UI/UX Designer,High Demand,78,80,83,84,64
26,8th Semester,Biology,Beginner,Research Scientist,"Python, Academic Writing, Data Analysis, Critical Analysis, Statistics, Scientific Research",Research Scientist,Stable,86,75,95,80,71
26,7th Semester,Engineering,Beginner,Electrical Engineer,"Signal Processing, Circuit Design, MATLAB, PCB Design, Teamwork, Microcontrollers, Power Systems",Electrical Engineer,High Demand,87,66,90,60,65
20,3rd Semester,Economics,Intermediate,Entrepreneur,"Business Model Generation, Risk Management, Sales & Marketing, Growth Strategy, Pitching & Fundraising, Resilience",Entrepreneur,Emerging,79,94,89,82,89
26,7th Semester,Psychology,None,UI/UX Designer,"Usability Testing, Wireframing, Prototyping, Design Thinking",UI/UX Designer,High Demand,74,82,78,97,75
22,4th Semester,Mathematics,Beginner,Financial Analyst,"Financial Statement Analysis, PowerBI, Forecasting, Excel",Financial Analyst,Trending,81,76,92,62,71
21,7th Semester,Chemistry,None,Professor,"Critical Thinking, Pharmacology, Medical Ethics, Physiology, Emergency Response, Anatomy",Doctor,High Demand,85,91,89,55,84
26,Graduate,Computer Science,Advanced,Mobile App Developer,"Android Studio, Git, REST APIs, Mobile Architecture, UI/UX, Swift",Mobile App Developer,Trending,99,66,79,80,65
22,Diploma,Computer Science,Beginner,Software Developer,"Git, Data Structures, Algorithms, Problem Solving, Object-Oriented Programming",Software Developer,High Demand,92,63,93,72,56
21,Diploma,Computer Science,Advanced,AI Engineer,"Python, Communication, NLP, Creativity, Deep Learning",AI Engineer,High Demand,99,66,90,74,61
28,Postgraduate,Mathematics,Intermediate,Aerospace Engineer,"Problem Solving, Structural Analysis, Flight Simulation, CAD Modeling",Aerospace Engineer,Emerging,99,63,85,75,61
17,10th,Mathematics,Advanced,Mechanical Engineer,"Critical Thinking, Fluid Mechanics, Manufacturing, Adaptability, Material Science, Robotics, Problem Solving, SolidWorks",Mechanical Engineer,Stable,94,64,89,72,77
26,7th Semester,Commerce,Beginner,Chartered Accountant,"Excel Mastery, Taxation, Financial Reporting, Time Management, Adaptability, Corporate Law, Financial Accounting, Auditing",Chartered Accountant,Stable,93,73,89,57,71
26,7th Semester,Engineering,Intermediate,DevOps Engineer,"Python, Critical Thinking, Cloud Security, Adaptability, Monitoring, Docker, Linux Bash",DevOps Engineer,High Demand,99,68,85,65,68
23,7th Semester,Engineering,Intermediate,Electrical Engineer,"Signal Processing, Critical Thinking, Communication, Circuit Design, MATLAB, PCB Design",Electrical Engineer,High Demand,93,67,91,62,72
24,8th Semester,Law,None,Lawyer,"Negotiation, Constitutional Law, Critical Thinking, Public Speaking",Lawyer,Stable,71,99,90,64,79
20,6th Semester,Animation,Beginner,Graphic Designer,"Branding, Visual Identity, Layout Design, Illustrator, Teamwork, Creativity",Graphic Designer,Trending,80,79,76,92,58
27,Postgraduate,Commerce,None,Digital Marketer,"Content Strategy, Social Media Marketing, Copywriting, Email Campaigns, Problem Solving, Google Analytics",Digital Marketer,High Demand,76,84,89,89,76
27,7th Semester,Design,Advanced,Animator,"Motion Graphics, 3D Modeling, Character Animation",Animator,Emerging,88,70,75,87,49
24,8th Semester,Biology,None,Dentist,"Critical Thinking, Adaptability, Oral Surgery, Patient Communication, Diagnostics",Dentist,Stable,83,81,88,74,69
21,3rd Semester,Animation,Intermediate,Graphic Designer,"Typography, Visual Identity, Branding, Color Theory",Graphic Designer,Trending,79,65,66,94,74
22,Diploma,Engineering,Beginner,Biomedical Engineer,"Python, Biology, Biomechanics",Biomedical Engineer,Trending,90,76,80,82,64
24,8th Semester,Animation,None,Animator,"Character Animation, 3D Modeling, Blender, Maya, After Effects",Animator,Emerging,76,65,76,91,55
19,7th Semester,Computer Science,Intermediate,AI Engineer,"Python, NLP, Algorithms, Calculus, PyTorch",AI Engineer,High Demand,93,65,84,83,65
28,Graduate,Physics,Beginner,Aerospace Engineer,"Aerodynamics, MATLAB, Flight Simulation, Avionics, Propulsion Systems, Structural Analysis",Aerospace Engineer,Emerging,91,67,94,79,71
25,Graduate,Engineering,Beginner,Mechanical Engineer,"AutoCAD, Fluid Mechanics, Communication, Manufacturing, Thermodynamics, Material Science, Robotics",Mechanical Engineer,Stable,79,71,86,71,75
20,3rd Semester,Biology,Advanced,Pharmacist,"Oral Surgery, Patient Communication, Teamwork, Problem Solving, Diagnostics, Empathy",Dentist,Stable,99,89,81,71,68
24,8th Semester,Physics,Beginner,Biomedical Engineer,"Python, Signal Processing, Adaptability, Medical Devices",Biomedical Engineer,Trending,82,63,87,85,67
27,Graduate,Economics,Beginner,Financial Analyst,"Social Media Marketing, SEM, Copywriting, PPC Advertising, Email Campaigns",Digital Marketer,High Demand,75,87,80,92,68
19,2nd Semester,Computer Science,Advanced,Financial Analyst,"Roadmap Planning, Product Vision, User Research, Cross-Functional Coordination, Market Strategy",Product Manager,Trending,86,98,88,84,92
24,7th Semester,Mathematics,None,Astrophysicist,"Python, Astronomical Observation, Quantum Mechanics, Calculus, Astrophysics",Astrophysicist,Emerging,87,71,99,72,65
17,10th,Computer Science,Intermediate,Product Manager,"Adaptability, Metrics & KPIs, Leadership, Product Vision, Cross-Functional Coordination, Market Strategy",Product Manager,Trending,80,94,85,78,90
27,Graduate,Engineering,Intermediate,Cybersecurity Analyst,"Linux, Incident Response, Ethical Hacking, Creativity, Cryptography",Cybersecurity Analyst,High Demand,94,57,91,62,63
28,Postgraduate,Computer Science,Advanced,Electrical Engineer,"Network Security, Firewalls, Penetration Testing, Incident Response",Cybersecurity Analyst,High Demand,99,66,89,65,67
21,6th Semester,Psychology,Beginner,UI/UX Designer,"Critical Thinking, Design Thinking, Communication, User Research, Wireframing, Interaction Design",UI/UX Designer,High Demand,76,76,80,84,72
19,Diploma,Physics,Beginner,Astrophysicist,"Cosmology, Python, Astronomical Observation, Astrophysics, Communication, Quantum Mechanics, Problem Solving, Data Modeling",Astrophysicist,Emerging,94,68,89,70,68
24,8th Semester,Physics,Beginner,Pilot,"High Focus, Spatial Awareness, Meteorology, Problem Solving, Emergency Procedures, Radio Communication, Flight Navigation",Pilot,Trending,90,76,94,51,81
27,8th Semester,Biology,None,Chef,"Critical Thinking, Communication, Pharmacology, Adaptability, Medical Ethics, Physiology, Clinical Diagnosis, Empathy",Doctor,High Demand,83,84,96,58,83
24,7th Semester,Computer Science,Advanced,Mobile App Developer,"Critical Thinking, React Native, REST APIs, Kotlin, Teamwork, Flutter, UI/UX",Mobile App Developer,Trending,89,69,83,73,66
23,Graduate,Psychology,None,Psychologist,"Critical Thinking, Mental Health Assessment, Adaptability, Ethics, Counseling, Empathy",Psychologist,High Demand,70,96,87,74,65
17,10th,Design,None,UI/UX Designer,"Figma, Time Management, Prototyping, Interaction Design",UI/UX Designer,High Demand,68,82,85,84,70
27,Postgraduate,Mathematics,Intermediate,Teacher,"Signal Processing, Time Management, Circuit Design, Problem Solving, Microcontrollers, Power Systems",Electrical Engineer,High Demand,98,66,87,69,68
17,10th,Mathematics,Intermediate,Electrical Engineer,"Embedded Systems, Microcontrollers, Power Systems",Electrical Engineer,High Demand,98,70,95,64,68
17,10th,Commerce,Intermediate,Chartered Accountant,"Excel Mastery, Taxation, Financial Reporting, Attention to Detail, Time Management, Financial Accounting, Auditing",Chartered Accountant,Stable,88,73,94,61,74
17,1st Semester,Economics,None,Investment Banker,"Capital Markets, Pitch Decks, Negotiation, Excel, Market Research",Investment Banker,High Demand,88,90,89,58,72
17,10th,Business Studies,Beginner,Entrepreneur,"Leadership, Teamwork, Creativity, Pitching & Fundraising, Resilience",Entrepreneur,Emerging,77,90,93,76,96
18,10th,Computer Science,Intermediate,Cloud Engineer,"Linux, Creativity, Problem Solving, Kubernetes, CI/CD",Cloud Engineer,High Demand,97,62,82,63,58
23,Graduate,Commerce,None,Financial Analyst,"Financial Statement Analysis, Ratio Analysis, Time Management, Excel, Python for Finance, PowerBI",Financial Analyst,Trending,76,77,84,55,67
21,2nd Semester,Engineering,Advanced,Pilot,"High Focus, Aircraft Systems, Spatial Awareness, Time Management, Meteorology, Emergency Procedures, Flight Navigation",Pilot,Trending,94,84,91,56,89
18,1st Semester,Computer Science,Intermediate,Product Manager,"Roadmap Planning, Agile, Metrics & KPIs, Leadership, Product Vision, Market Strategy",Product Manager,Trending,86,99,83,85,99
18,12th,Mathematics,Advanced,Financial Analyst,"Financial Statement Analysis, Ratio Analysis, Forecasting, Market Research, PowerBI",Financial Analyst,Trending,99,78,91,62,67
21,5th Semester,Animation,Advanced,Animator,"Motion Graphics, Character Animation, 3D Modeling, Maya, Teamwork",Animator,Emerging,94,69,78,99,63
19,Diploma,Commerce,None,Investment Banker,"Pitch Decks, Time Management, Excel, Market Research, Financial Modeling, M&A Analysis",Investment Banker,High Demand,82,82,99,72,89
28,Postgraduate,Chemistry,Beginner,Dentist,"Manual Dexterity, Oral Surgery, Patient Communication, Dental Anatomy, Empathy",Dentist,Stable,92,92,91,69,79
19,7th Semester,Mathematics,Intermediate,Financial Analyst,"MATLAB, CAD Modeling, Flight Simulation, Teamwork, Avionics, Propulsion Systems",Aerospace Engineer,Emerging,99,71,98,89,75
23,Graduate,Education,None,Teacher,"Patience, Child Psychology, Student Evaluation, Classroom Management, Empathy",Teacher,Stable,62,99,83,81,81
25,Postgraduate,Computer Science,Intermediate,Cloud Engineer,"Communication, Terraform, Docker, System Architecture, Creativity",Cloud Engineer,High Demand,94,67,86,62,72
28,Postgraduate,Physics,Beginner,Civil Engineer,"AutoCAD, Adaptability, Project Planning, Surveying, Construction Management, Geotechnical Engineering, Structural Analysis",Civil Engineer,Stable,91,73,84,58,67
23,Postgraduate,Computer Science,Intermediate,AI Engineer,"NLP, Algorithms, Calculus, TensorFlow, Teamwork, Machine Learning",AI Engineer,High Demand,89,63,99,86,52
23,8th Semester,Education,None,IAS Officer,"General Studies, Policy Formulation, Decision Making, Governance",IAS Officer,Stable,78,93,99,68,86
22,5th Semester,Engineering,Intermediate,Biomedical Engineer,"Python, Medical Devices, CAD Design, Biology, Prosthetics, Biomechanics",Biomedical Engineer,Trending,92,68,91,85,68
18,10th,Engineering,Expert,Cloud Engineer,"Android Studio, Git, Communication, React Native, Mobile Architecture, Problem Solving, Flutter, UI/UX",Mobile App Developer,Trending,99,74,84,76,69
27,Graduate,Engineering,Beginner,Mechanical Engineer,"Communication, Fluid Mechanics, Time Management, Material Science, Robotics, SolidWorks",Mechanical Engineer,Stable,87,75,88,81,69
25,Graduate,Commerce,Beginner,Chartered Accountant,"Financial Analysis, Financial Accounting, Auditing, Creativity",Chartered Accountant,Stable,84,63,97,53,66
21,5th Semester,Mathematics,Advanced,Data Scientist,"Python, Pandas, Critical Thinking, Tableau, Statistics",Data Scientist,High Demand,99,74,89,74,64
28,Postgraduate,Computer Science,Advanced,DevOps Engineer,"Jenkins, GitLab CI, Docker, Teamwork, Infrastructure as Code, Kubernetes",DevOps Engineer,High Demand,96,71,82,66,59
23,8th Semester,Physics,Beginner,Aerospace Engineer,"Aerodynamics, MATLAB, Adaptability, Flight Simulation, Avionics, Propulsion Systems, Structural Analysis",Aerospace Engineer,Emerging,90,71,94,79,84
23,Graduate,Physics,None,Pilot,"Spatial Awareness, High Focus, Critical Thinking, Flight Navigation",Pilot,Trending,85,76,85,54,86
23,7th Semester,Mathematics,Advanced,Investment Banker,"Capital Markets, Critical Thinking, Excel, Valuation, Market Research, Financial Modeling",Investment Banker,High Demand,92,95,86,61,80
18,10th,Biology,None,Pharmacist,"Patient Counseling, Attention to Detail, Drug Interactions, Organic Chemistry, Quality Control",Pharmacist,Stable,76,79,79,53,61
21,5th Semester,Biology,None,Dentist,"Hygiene Standards, Oral Surgery, Patient Communication, Dental Anatomy, Diagnostics",Dentist,Stable,77,89,83,71,75
19,3rd Semester,Computer Science,Beginner,Software Developer,"Python, Problem Solving, Data Structures, C++",Software Developer,High Demand,88,62,88,69,59
19,6th Semester,Biology,Intermediate,Doctor,"Communication, Adaptability, Emergency Response, Patient Care, Anatomy",Doctor,High Demand,88,82,93,50,77
26,Postgraduate,Engineering,Intermediate,Software Developer,"Python, Git, REST APIs, Debugging, Object-Oriented Programming",Software Developer,High Demand,87,62,85,72,58
28,Graduate,Mathematics,Advanced,AI Engineer,"Python, Communication, Linear Algebra, Problem Solving, Deep Learning",AI Engineer,High Demand,99,73,85,86,58
27,Graduate,Mathematics,Beginner,Software Developer,"Python, C++, Object-Oriented Programming, Communication",Software Developer,High Demand,78,54,84,71,63
24,8th Semester,Education,Beginner,Professor,"Academic Lecturing, Public Speaking, Scientific Publication, Problem Solving, Pedagogy, Curriculum Development",Professor,Stable,88,95,85,80,83
27,7th Semester,Business Studies,Intermediate,Business Analyst,"Tableau, Stakeholder Management, Teamwork, SQL",Business Analyst,High Demand,84,88,81,73,77
23,Postgraduate,Design,None,Graphic Designer,"Visual Identity, Branding, Communication, Layout Design, Creativity, Color Theory",Graphic Designer,Trending,67,70,77,90,66
19,6th Semester,Computer Science,Beginner,Product Manager,"Communication, Roadmap Planning, Agile, Leadership, Problem Solving, Market Strategy",Product Manager,Trending,84,96,84,86,94
24,8th Semester,Mathematics,Beginner,Financial Analyst,"Financial Statement Analysis, Forecasting, Time Management, Excel, Market Research, Teamwork",Financial Analyst,Trending,76,83,88,56,82
23,8th Semester,Business Studies,Intermediate,Product Manager,"Roadmap Planning, Agile, Adaptability, Metrics & KPIs, Product Vision, Cross-Functional Coordination, Market Strategy",Product Manager,Trending,84,94,92,75,92
28,Graduate,Engineering,Intermediate,Mechanical Engineer,"Fluid Mechanics, Time Management, Manufacturing, Thermodynamics, Robotics, Problem Solving, SolidWorks",Mechanical Engineer,Stable,86,67,91,70,72
23,Postgraduate,Psychology,Beginner,Journalist,"News Writing, Time Management, Fact Checking, Video Journalism, Investigative Reporting, Media Ethics, Interviewing",Journalist,Stable,71,92,86,82,82
26,7th Semester,Economics,Advanced,Product Manager,"Roadmap Planning, Agile, Leadership, Product Vision, User Research, Market Strategy",Product Manager,Trending,98,92,91,83,93
17,12th,Engineering,Intermediate,DevOps Engineer,"Linux Bash, Infrastructure as Code, GitLab CI",DevOps Engineer,High Demand,93,61,81,65,59
17,1st Semester,Engineering,Expert,Pilot,"UI/UX, Kotlin, REST APIs, Swift",Mobile App Developer,Trending,99,72,87,77,65
17,1st Semester,Mathematics,Intermediate,Research Scientist,"Hypothesis Testing, Laboratory Techniques, Critical Analysis, Statistics, Scientific Research",Research Scientist,Stable,94,70,96,80,71
20,8th Semester,Finance,Beginner,Chartered Accountant,"Critical Thinking, Taxation, Financial Reporting, Financial Analysis, Attention to Detail, Adaptability, Corporate Law",Chartered Accountant,Stable,92,84,91,59,70
19,3rd Semester,Commerce,None,Financial Analyst,"Taxation, Financial Reporting, Financial Analysis, Corporate Law, Financial Accounting, Creativity, Auditing",Chartered Accountant,Stable,87,76,92,45,81
20,4th Semester,Chemistry,None,Pharmacist,"Time Management, Culinary Techniques, Adaptability, Food Safety, Menu Engineering, Creativity",Chef,Trending,73,75,75,91,95
17,10th,Law,Intermediate,Journalist,"Storytelling, News Writing, Fact Checking, Video Journalism, Media Ethics",Journalist,Stable,75,86,92,82,75
28,7th Semester,Physics,Beginner,Aerospace Engineer,"MATLAB, Propulsion Systems, Structural Analysis",Aerospace Engineer,Emerging,90,63,90,68,65
24,7th Semester,Computer Science,Intermediate,Mobile App Developer,"Android Studio, REST APIs, Kotlin, Mobile Architecture, Teamwork, Swift",Mobile App Developer,Trending,92,63,80,79,69
22,5th Semester,Computer Science,Expert,Cloud Engineer,"AWS, Azure, System Architecture, Problem Solving, Kubernetes, CI/CD",Cloud Engineer,High Demand,99,70,86,63,58
27,Postgraduate,Chemistry,None,Pharmacist,"Critical Thinking, Patient Counseling, Drug Interactions, Problem Solving, Quality Control",Pharmacist,Stable,79,85,88,57,59
17,10th,Physics,None,Astrophysicist,"Cosmology, Python, Astrophysics",Astrophysicist,Emerging,90,77,96,67,66
23,Graduate,Computer Science,Advanced,DevOps Engineer,"Python, Cloud Security, Jenkins, Time Management, GitLab CI, Docker, Teamwork, Kubernetes",DevOps Engineer,High Demand,97,64,92,69,67
19,7th Semester,Engineering,Advanced,DevOps Engineer,"Python, Jenkins, Monitoring, Linux Bash, Infrastructure as Code, Kubernetes",DevOps Engineer,High Demand,99,79,81,61,66
19,Diploma,Mathematics,Intermediate,Software Developer,"Python, Critical Thinking, Git, REST APIs, Debugging, Algorithms, Java, Problem Solving",Software Developer,High Demand,86,62,81,61,63
18,10th,Economics,Intermediate,Data Scientist,"Python, Tableau, Statistics",Data Scientist,High Demand,89,74,96,76,71
21,3rd Semester,Education,None,Teacher,"Communication, Patience, Child Psychology, Student Evaluation, Teamwork, Problem Solving, Classroom Management, Empathy",Teacher,Stable,67,98,84,86,77
19,6th Semester,Mathematics,Intermediate,Mechanical Engineer,"Critical Thinking, AutoCAD, Manufacturing, Thermodynamics, Material Science, Robotics",Mechanical Engineer,Stable,93,70,95,78,66
24,7th Semester,Computer Science,Advanced,Mobile App Developer,"Android Studio, REST APIs, Kotlin, Mobile Architecture, UI/UX",Mobile App Developer,Trending,99,61,85,80,66
20,3rd Semester,Hospitality,None,Chef,"Critical Thinking, Time Management, Culinary Techniques, Menu Engineering, Teamwork",Chef,Trending,64,64,76,83,86
22,2nd Semester,Biology,None,Teacher,"Lesson Planning, Adaptability, Patience, Child Psychology, Student Evaluation, Empathy",Teacher,Stable,67,93,86,82,77
19,5th Semester,Physics,Beginner,Civil Engineer,"Construction Management, AutoCAD, Project Planning, Surveying, Geotechnical Engineering, Structural Analysis",Civil Engineer,Stable,86,72,92,66,71
17,1st Semester,Engineering,None,Civil Engineer,"AutoCAD, Adaptability, Project Planning, Site Inspection, Construction Management, Geotechnical Engineering, Structural Analysis",Civil Engineer,Stable,79,65,84,71,76
18,12th,Mathematics,Beginner,Research Scientist,"Signal Processing, Communication, Adaptability, PCB Design, Microcontrollers, Power Systems",Electrical Engineer,High Demand,88,70,94,71,69
21,5th Semester,Psychology,Beginner,Psychologist,"Active Listening, Communication, Mental Health Assessment, Research Methods, Ethics, Counseling, Problem Solving",Psychologist,High Demand,73,88,90,87,83
18,10th,Computer Science,Beginner,Business Analyst,"Tableau, Stakeholder Management, Agile/Scrum, Data Analytics",Business Analyst,High Demand,83,99,83,68,82
24,Graduate,Computer Science,Intermediate,Data Scientist,"Python, Pandas, SQL, R, Machine Learning",Data Scientist,High Demand,99,67,92,68,67
20,7th Semester,Biology,None,Pharmacist,"Attention to Detail, Dosage Calculation, Drug Interactions, Pharmacology, Teamwork, Organic Chemistry, Creativity, Quality Control",Pharmacist,Stable,82,76,82,53,69
19,8th Semester,Mathematics,Advanced,Electrical Engineer,"Signal Processing, Time Management, MATLAB, PCB Design, Embedded Systems, Microcontrollers, Power Systems",Electrical Engineer,High Demand,96,63,91,71,72
27,8th Semester,Commerce,None,Chartered Accountant,"Excel Mastery, Financial Reporting, Attention to Detail, Corporate Law, Auditing",Chartered Accountant,Stable,82,77,92,54,72
22,4th Semester,Physics,Beginner,Teacher,"Time Management, Patience, Child Psychology, Student Evaluation, Classroom Management",Teacher,Stable,69,99,74,74,80
22,Diploma,Computer Science,Beginner,Professor,"Research Methodology, Critical Thinking, Mentorship, Academic Lecturing, Scientific Publication, Teamwork, Pedagogy, Curriculum Development",Professor,Stable,79,91,92,75,80
24,8th Semester,Engineering,Intermediate,Cloud Engineer,"Python, Linux, Adaptability, System Architecture, Creativity",Cloud Engineer,High Demand,92,65,83,57,65
21,7th Semester,Computer Science,Advanced,Full-Stack Developer,"JavaScript, Creativity, Git, React",Full-Stack Developer,High Demand,99,62,91,68,46
21,8th Semester,Chemistry,None,Dentist,"Hygiene Standards, Manual Dexterity, Patient Communication, Dental Anatomy, Diagnostics, Empathy",Dentist,Stable,79,82,80,74,72
24,Graduate,Physics,Intermediate,Biomedical Engineer,"Python, Materials Science, Signal Processing, Communication, Medical Devices, Prosthetics, Creativity",Biomedical Engineer,Trending,93,65,85,78,66
17,10th,Finance,None,Investment Banker,"Pitch Decks, Valuation, M&A Analysis",Investment Banker,High Demand,90,79,86,61,89
18,10th,Data Science,Expert,Data Scientist,"Python, Pandas, Tableau, Time Management, Statistics, R, Analytical Thinking",Data Scientist,High Demand,99,71,87,74,53
25,8th Semester,Psychology,None,Lawyer,"Negotiation, Constitutional Law, Courtroom Advocacy, Contract Drafting",Lawyer,Stable,75,90,97,73,91
21,5th Semester,Physics,Advanced,Aerospace Engineer,"Python, Quantum Mechanics, Creativity, Numerical Simulation, Astrophysics",Astrophysicist,Emerging,99,69,92,76,58
25,Postgraduate,Cybersecurity,Advanced,Business Analyst,"Python, Penetration Testing, Time Management, Ethical Hacking, Wireshark, Problem Solving",Cybersecurity Analyst,High Demand,93,59,80,71,60
25,Postgraduate,Economics,None,Entrepreneur,"Sales & Marketing, Pitching & Fundraising, Business Model Generation, Risk Management",Entrepreneur,Emerging,69,84,93,92,96
27,7th Semester,Biology,None,Doctor,"Communication, Time Management, Medical Ethics, Clinical Diagnosis, Empathy",Doctor,High Demand,87,84,93,55,84
20,2nd Semester,Economics,Beginner,IAS Officer,"General Studies, Crisis Management, Leadership, Policy Formulation, Public Administration, Public Communication",IAS Officer,Stable,78,84,93,76,91
23,7th Semester,Engineering,Intermediate,DevOps Engineer,"Python, Critical Thinking, GitLab CI, Monitoring, Docker, Kubernetes",DevOps Engineer,High Demand,97,66,89,52,63
25,8th Semester,Physics,Intermediate,AI Engineer,"Astronomical Observation, Astrophysics, Calculus, Numerical Simulation, Data Modeling",Astrophysicist,Emerging,90,66,89,78,67
22,7th Semester,Law,Beginner,IAS Officer,"Public Communication, Policy Formulation, Critical Thinking, Decision Making",IAS Officer,Stable,86,92,93,67,88
23,Graduate,Computer Science,Expert,Cybersecurity Analyst,"Python, Incident Response, Time Management, Ethical Hacking, Problem Solving",Cybersecurity Analyst,High Demand,98,68,84,68,68
17,12th,Biology,Beginner,Doctor,"Python, Medical Devices, Biology, CAD Design, Prosthetics, Biomechanics",Biomedical Engineer,Trending,91,74,93,82,57
28,8th Semester,Biology,Advanced,Biomedical Engineer,"Python, Prosthetics, Biology, Biomechanics",Biomedical Engineer,Trending,91,70,85,88,63
25,8th Semester,Design,None,Product Designer,"User Empathy, Time Management, Customer Research, Product Strategy, Iterative Design, Prototyping",Product Designer,High Demand,78,87,84,91,72
19,3rd Semester,Mathematics,Beginner,Civil Engineer,"Creativity, AutoCAD, Site Inspection, Project Planning, Surveying, Geotechnical Engineering",Civil Engineer,Stable,81,73,87,70,70
22,6th Semester,Design,Beginner,Animator,"Motion Graphics, Character Animation, Texturing, Maya, Storyboarding",Animator,Emerging,70,66,84,99,59
27,7th Semester,Engineering,Intermediate,Cloud Engineer,"Networking, Adaptability, AWS, Terraform, Teamwork, System Architecture, Kubernetes",Cloud Engineer,High Demand,87,73,86,61,68
24,7th Semester,Computer Science,Intermediate,Business Analyst,"Stakeholder Management, Business Strategy, SQL",Business Analyst,High Demand,92,88,89,66,72
25,Postgraduate,Economics,None,IAS Officer,"Creativity, Decision Making, Governance, General Studies, Crisis Management, Policy Formulation, Problem Solving",IAS Officer,Stable,78,93,88,86,94
28,8th Semester,Mathematics,None,Dentist,"Time Management, Classroom Management, Communication, Student Evaluation",Teacher,Stable,71,98,84,73,72
26,8th Semester,Economics,None,Entrepreneur,"Sales & Marketing, Problem Solving, Growth Strategy, Pitching & Fundraising, Resilience",Entrepreneur,Emerging,70,91,93,83,94
25,8th Semester,Business Studies,Intermediate,Product Manager,"Roadmap Planning, Time Management, Metrics & KPIs, Leadership, Product Vision, User Research, Market Strategy",Product Manager,Trending,80,90,83,88,88
25,Postgraduate,Engineering,Beginner,Product Designer,"User Empathy, Iterative Design, Critical Thinking, Customer Research, Teamwork, Figma, Industrial Design, Prototyping",Product Designer,High Demand,85,84,88,91,80
21,3rd Semester,Design,Intermediate,Mobile App Developer,"Kotlin, REST APIs, UI/UX, Mobile Architecture",Mobile App Developer,Trending,87,73,82,79,65
21,7th Semester,Mathematics,Intermediate,Pilot,"High Focus, Critical Thinking, Aircraft Systems, Spatial Awareness, Adaptability, Meteorology",Pilot,Trending,95,85,90,57,84
25,7th Semester,Chemistry,Intermediate,Chef,"Sensory Evaluation, Time Management, Menu Engineering",Chef,Trending,84,74,76,91,78
18,1st Semester,Mathematics,None,Aerospace Engineer,"Communication, Aerodynamics, MATLAB, CAD Modeling, Flight Simulation, Avionics, Structural Analysis",Aerospace Engineer,Emerging,89,62,92,78,72
21,4th Semester,Physics,Intermediate,Biomedical Engineer,"Python, Materials Science, Critical Thinking, Medical Devices",Biomedical Engineer,Trending,95,69,95,74,68
23,8th Semester,Design,Intermediate,Product Designer,"User Empathy, Prototyping, Time Management, Adaptability, Customer Research, Product Strategy, Iterative Design, Figma",Product Designer,High Demand,81,89,80,91,72
17,12th,Physics,Beginner,Biomedical Engineer,"Materials Science, Time Management, Signal Processing, Biology",Biomedical Engineer,Trending,91,75,89,79,66
25,7th Semester,Biology,None,Pharmacist,"Communication, Drug Interactions, Pharmacology, Teamwork, Organic Chemistry",Pharmacist,Stable,81,75,83,59,65
27,Graduate,Mathematics,None,Aerospace Engineer,"Aerodynamics, Structural Analysis, Problem Solving, CAD Modeling",Aerospace Engineer,Emerging,90,67,87,78,58
20,4th Semester,Engineering,Advanced,Cloud Engineer,"Python, Adaptability, Terraform, Docker, Teamwork, Kubernetes",Cloud Engineer,High Demand,97,60,80,65,67
18,10th,Commerce,None,Business Analyst,"Social Media Marketing, Copywriting, Communication, PPC Advertising, Email Campaigns, SEO",Digital Marketer,High Demand,79,89,79,79,84
21,4th Semester,Design,None,Product Designer,"Product Strategy, Iterative Design, Figma",Product Designer,High Demand,68,81,81,81,62
28,8th Semester,Engineering,None,Mechanical Engineer,"AutoCAD, Fluid Mechanics, Thermodynamics, Manufacturing, Problem Solving, SolidWorks",Mechanical Engineer,Stable,82,65,84,72,63
24,7th Semester,Biology,Intermediate,Biomedical Engineer,"Materials Science, Signal Processing, Critical Thinking, Biomechanics",Biomedical Engineer,Trending,94,64,83,82,62
26,8th Semester,Computer Science,Advanced,Robotics Engineer,"Sensors & Actuators, Python, ROS, Mechatronics, Kinematics",Robotics Engineer,High Demand,99,77,88,86,68
24,8th Semester,Computer Science,Expert,Professor,"React, Python, SQL, JavaScript, Creativity",Full-Stack Developer,High Demand,99,80,87,77,64
19,8th Semester,Economics,None,Business Analyst,"Communication, Business Strategy, Process Mapping, Adaptability, Data Analytics",Business Analyst,High Demand,77,85,80,69,79
28,Graduate,Psychology,None,UI/UX Designer,"Negotiation, Critical Thinking, Public Speaking, Legal Research, Courtroom Advocacy, Argumentation",Lawyer,Stable,74,99,90,78,91
22,6th Semester,Physics,Intermediate,Biomedical Engineer,"Materials Science, Signal Processing, Communication, CAD Design, Biology, Prosthetics, Biomechanics",Biomedical Engineer,Trending,95,61,89,78,73
25,7th Semester,Chemistry,Advanced,Doctor,"Critical Thinking, Pharmacology, Medical Ethics, Teamwork, Anatomy, Empathy",Doctor,High Demand,99,90,87,55,78
17,1st Semester,Economics,Beginner,IAS Officer,"Public Communication, Leadership, Crisis Management, Decision Making",IAS Officer,Stable,77,88,87,66,99
17,12th,Biology,Beginner,Dentist,"Hygiene Standards, Manual Dexterity, Oral Surgery, Patient Communication",Dentist,Stable,79,85,88,57,74
20,3rd Semester,Mathematics,Expert,Mechanical Engineer,"Creativity, Pandas, R, SQL",Data Scientist,High Demand,99,82,85,62,61
21,5th Semester,Engineering,Intermediate,Aerospace Engineer,"Aerodynamics, Structural Analysis, Propulsion Systems, CAD Modeling",Aerospace Engineer,Emerging,95,70,92,82,72
23,7th Semester,Computer Science,Intermediate,Software Developer,"Problem Solving, Algorithms, C++, Git",Software Developer,High Demand,92,55,88,72,69
26,8th Semester,Mathematics,Advanced,Aerospace Engineer,"Aerodynamics, Adaptability, CAD Modeling, Avionics, Propulsion Systems",Aerospace Engineer,Emerging,98,78,87,72,74
25,Postgraduate,Biology,Beginner,Psychologist,"Mental Health Assessment, Research Methods, Ethics, Counseling, Empathy",Psychologist,High Demand,70,90,91,65,76
18,12th,Engineering,Intermediate,Aerospace Engineer,"Creativity, Time Management, MATLAB, CAD Modeling, Flight Simulation, Avionics, Structural Analysis",Aerospace Engineer,Emerging,99,61,97,82,69
21,4th Semester,Design,None,Graphic Designer,"Visual Identity, Branding, Problem Solving, Typography, Creativity, Color Theory",Graphic Designer,Trending,65,85,68,99,66
18,1st Semester,Engineering,None,Pilot,"Aircraft Systems, Time Management, Meteorology, Teamwork, Emergency Procedures, Radio Communication",Pilot,Trending,87,81,93,61,87
25,7th Semester,Physics,None,Civil Engineer,"Communication, Site Inspection, Project Planning, Surveying, Geotechnical Engineering, Structural Analysis",Civil Engineer,Stable,75,68,81,59,74
26,7th Semester,Computer Science,Advanced,Robotics Engineer,"Sensors & Actuators, Python, Computer Vision, Communication, Time Management, Mechatronics, C++, Control Systems",Robotics Engineer,High Demand,98,65,90,89,60
20,5th Semester,Engineering,Beginner,Research Scientist,"Creativity, Signal Processing, Circuit Design, PCB Design, Problem Solving, Microcontrollers, Power Systems",Electrical Engineer,High Demand,89,66,84,70,71
28,8th Semester,Engineering,None,Software Developer,"Time Management, Data Structures, Algorithms, Teamwork, Problem Solving",Software Developer,High Demand,82,57,82,68,59
28,Graduate,Mathematics,None,Pilot,"Critical Thinking, Aircraft Systems, Spatial Awareness, Creativity, Flight Navigation",Pilot,Trending,84,92,97,54,87
20,6th Semester,Commerce,Beginner,Chartered Accountant,"Financial Accounting, Excel Mastery, Auditing, Taxation",Chartered Accountant,Stable,87,74,91,57,64
26,Graduate,Chemistry,Beginner,Chef,"Creativity, Food Safety, Sensory Evaluation",Chef,Trending,73,80,87,81,83
20,5th Semester,Physics,Intermediate,Civil Engineer,"AutoCAD, Adaptability, Site Inspection, Project Planning, Surveying",Civil Engineer,Stable,94,70,87,74,82
23,7th Semester,Economics,None,IAS Officer,"Decision Making, Adaptability, Leadership, Policy Formulation, Public Administration",IAS Officer,Stable,67,91,87,76,94
26,8th Semester,Physics,None,Mechanical Engineer,"Critical Thinking, Communication, Fluid Mechanics, AutoCAD, Robotics",Mechanical Engineer,Stable,78,71,84,74,73
19,6th Semester,Design,Intermediate,Product Designer,"Visual Identity, Photoshop, Illustrator, Typography, Color Theory",Graphic Designer,Trending,85,74,70,91,59
22,4th Semester,Design,None,Animator,"Critical Thinking, Character Animation, Blender, Storyboarding, Problem Solving",Animator,Emerging,70,67,77,97,53
25,Postgraduate,Engineering,Advanced,Software Developer,"Critical Thinking, Adaptability, AWS, Terraform, Azure, System Architecture, Kubernetes",Cloud Engineer,High Demand,98,64,83,56,49
24,8th Semester,Design,Beginner,Graphic Designer,"Visual Identity, Photoshop, Critical Thinking, Layout Design, Illustrator, Typography, Problem Solving",Graphic Designer,Trending,80,69,78,94,61
19,Diploma,Mathematics,Intermediate,Investment Banker,"Cosmology, Python, Astronomical Observation, Critical Thinking, Calculus, Numerical Simulation, Astrophysics",Astrophysicist,Emerging,99,62,99,68,64
19,5th Semester,Artificial Intelligence,Expert,Robotics Engineer,"Python, ROS, Mechatronics, C++, Control Systems",Robotics Engineer,High Demand,99,59,94,88,62
19,6th Semester,Psychology,None,Psychologist,"Time Management, Mental Health Assessment, Research Methods, Ethics, Cognitive Behavioral Therapy",Psychologist,High Demand,65,99,91,60,79
22,4th Semester,Physics,Beginner,Astrophysicist,"Cosmology, Python, Quantum Mechanics, Teamwork, Astrophysics",Astrophysicist,Emerging,95,64,90,76,66
20,8th Semester,Mathematics,Beginner,Pilot,"Radio Communication, Flight Navigation, Communication, Meteorology",Pilot,Trending,85,72,90,55,80
22,3rd Semester,Mathematics,None,Teacher,"Lesson Planning, Communication, Patience, Child Psychology, Classroom Management",Teacher,Stable,67,96,85,82,87
23,Graduate,Computer Science,Intermediate,Data Scientist,"Data Visualization, SQL, Tableau, Communication, R, Problem Solving, Analytical Thinking",Data Scientist,High Demand,99,73,91,75,60
19,5th Semester,Education,Beginner,Journalist,"News Writing, Media Ethics, Adaptability, Fact Checking",Journalist,Stable,65,99,81,90,70
27,Graduate,Engineering,Intermediate,Robotics Engineer,"Sensors & Actuators, Python, Control Systems",Robotics Engineer,High Demand,95,58,87,82,59
22,5th Semester,Engineering,Beginner,Pilot,"High Focus, Aircraft Systems, Meteorology, Emergency Procedures, Flight Navigation",Pilot,Trending,88,84,97,45,82
26,8th Semester,Mathematics,Intermediate,Pilot,"Research Methodology, Academic Lecturing, Scientific Publication, Teamwork, Pedagogy",Professor,Stable,89,85,83,78,92
21,8th Semester,Engineering,Intermediate,Product Designer,"User Empathy, Time Management, Product Strategy, Creativity, Iterative Design, Figma",Product Designer,High Demand,84,77,75,89,68
21,8th Semester,Mathematics,Intermediate,Aerospace Engineer,"Creativity, Problem Solving, Aerodynamics, MATLAB, CAD Modeling, Flight Simulation, Avionics, Propulsion Systems",Aerospace Engineer,Emerging,94,65,96,75,76
24,7th Semester,Chemistry,None,Chef,"Sensory Evaluation, Time Management, Kitchen Leadership, Food Safety, Creativity",Chef,Trending,74,76,77,96,86
25,7th Semester,Physics,Intermediate,Aerospace Engineer,"Aerodynamics, MATLAB, Flight Simulation, Teamwork, Propulsion Systems, Structural Analysis",Aerospace Engineer,Emerging,99,73,94,79,66
23,8th Semester,Law,Beginner,IAS Officer,"Critical Thinking, Decision Making, Leadership, Policy Formulation, Teamwork",IAS Officer,Stable,75,95,88,56,98
23,7th Semester,Animation,None,Animator,"Motion Graphics, Teamwork, 3D Modeling, Blender, Storyboarding, After Effects",Animator,Emerging,75,64,69,92,50
23,7th Semester,Education,Intermediate,Teacher,"Lesson Planning, Patience, Child Psychology, Student Evaluation, Empathy",Teacher,Stable,78,91,81,71,78
19,3rd Semester,Economics,None,IAS Officer,"General Studies, Leadership, Public Communication",IAS Officer,Stable,81,99,94,75,98
25,7th Semester,Psychology,None,Psychologist,"Ethics, Cognitive Behavioral Therapy, Research Methods, Empathy",Psychologist,High Demand,69,97,84,84,81
19,7th Semester,Chemistry,None,Dentist,"Hygiene Standards, Time Management, Patient Communication, Dental Anatomy, Problem Solving, Empathy",Dentist,Stable,91,85,86,73,77
18,1st Semester,Mathematics,Expert,Data Scientist,"Python, Pandas, Data Visualization, SQL, Communication, Statistics, R",Data Scientist,High Demand,99,78,97,79,68
22,Diploma,Chemistry,None,Doctor,"Critical Thinking, Pharmacology, Emergency Response, Patient Care, Clinical Diagnosis",Doctor,High Demand,84,99,86,60,82
24,Postgraduate,Chemistry,None,Pharmacist,"Patient Counseling, Attention to Detail, Dosage Calculation, Drug Interactions, Teamwork, Organic Chemistry, Problem Solving, Quality Control",Pharmacist,Stable,78,68,80,56,63
23,Postgraduate,Engineering,Advanced,Cybersecurity Analyst,"Cloud Security, Jenkins, GitLab CI, Docker, Linux Bash, Infrastructure as Code",DevOps Engineer,High Demand,99,74,91,65,70
28,8th Semester,Animation,None,Graphic Designer,"Branding, Photoshop, Visual Identity, Problem Solving, Typography, Creativity, Color Theory",Graphic Designer,Trending,76,82,68,97,58
28,8th Semester,Physics,Intermediate,Astrophysicist,"Materials Science, CAD Design, Prosthetics, Communication",Biomedical Engineer,Trending,94,67,88,75,55
23,7th Semester,Chemistry,None,Doctor,"Attention to Detail, Dosage Calculation, Teamwork, Organic Chemistry",Pharmacist,Stable,80,78,91,59,64
25,7th Semester,Medical Science,Beginner,Doctor,"Anatomy, Critical Thinking, Pharmacology, Empathy",Doctor,High Demand,86,98,94,55,82
19,8th Semester,Finance,None,Digital Marketer,"Financial Statement Analysis, Ratio Analysis, Forecasting, Excel, Market Research, Problem Solving, PowerBI",Financial Analyst,Trending,80,80,99,63,70
20,3rd Semester,Computer Science,Advanced,DevOps Engineer,"Jenkins, Infrastructure as Code, Cloud Security, GitLab CI",DevOps Engineer,High Demand,99,60,90,58,60
23,8th Semester,Design,Intermediate,Mobile App Developer,"Android Studio, Kotlin, Flutter, Mobile Architecture",Mobile App Developer,Trending,88,62,83,84,54
21,7th Semester,Engineering,Advanced,Mobile App Developer,"Android Studio, REST APIs, Mobile Architecture, Problem Solving, Flutter, Swift",Mobile App Developer,Trending,90,73,82,81,56
18,1st Semester,Engineering,Advanced,Cybersecurity Analyst,"Python, Linux, Critical Thinking, Penetration Testing, Adaptability",Cybersecurity Analyst,High Demand,99,58,92,67,60
24,7th Semester,Engineering,Beginner,Aerospace Engineer,"Aerodynamics, MATLAB, CAD Modeling, Avionics, Propulsion Systems, Structural Analysis",Aerospace Engineer,Emerging,88,65,92,76,76
22,2nd Semester,Business Studies,Beginner,Product Manager,"Time Management, Metrics & KPIs, Leadership, Product Vision, User Research, Problem Solving",Product Manager,Trending,87,95,87,74,91
27,Graduate,Computer Science,Advanced,Data Scientist,"Pandas, Statistics, R, Scikit-Learn",Data Scientist,High Demand,99,82,93,70,63
24,Postgraduate,Business Studies,Beginner,Business Analyst,"SQL, Business Strategy, Process Mapping, Stakeholder Management, Teamwork, Creativity, Requirements Gathering",Business Analyst,High Demand,86,86,88,67,80
25,7th Semester,Commerce,None,Chartered Accountant,"Taxation, Financial Reporting, Attention to Detail, Financial Analysis, Time Management, Corporate Law, Auditing",Chartered Accountant,Stable,86,76,86,63,61
28,Postgraduate,Physics,None,Pilot,"Aircraft Systems, Spatial Awareness, Time Management, Adaptability, Emergency Procedures, Radio Communication",Pilot,Trending,81,88,99,55,90
17,10th,Animation,Beginner,Product Designer,"Critical Thinking, Communication, Texturing, Maya, Storyboarding, After Effects",Animator,Emerging,83,77,75,99,58
27,Postgraduate,Computer Science,Intermediate,DevOps Engineer,"Cloud Security, Jenkins, Time Management, Adaptability, GitLab CI, Monitoring",DevOps Engineer,High Demand,91,62,89,58,57
22,Diploma,Chemistry,Intermediate,Research Scientist,"Critical Thinking, Adaptability, Data Analysis, Critical Analysis, Scientific Research",Research Scientist,Stable,99,67,90,81,68
24,Postgraduate,Economics,Beginner,IAS Officer,"Critical Thinking, Governance, Time Management, Leadership, Public Administration",IAS Officer,Stable,73,98,92,67,88
21,2nd Semester,Physics,Intermediate,Professor,"Research Methodology, Academic Lecturing, Time Management, Teamwork, Pedagogy, Curriculum Development",Professor,Stable,93,95,91,86,80
22,2nd Semester,Computer Science,Intermediate,Cloud Engineer,"Networking, Linux, Communication, Adaptability, Azure, CI/CD",Cloud Engineer,High Demand,92,61,83,65,70
19,2nd Semester,Computer Science,None,Entrepreneur,"Business Model Generation, Risk Management, Sales & Marketing, Growth Strategy, Pitching & Fundraising, Resilience",Entrepreneur,Emerging,77,95,92,80,94
20,4th Semester,Education,Advanced,IAS Officer,"General Studies, Leadership, Policy Formulation, Public Communication",IAS Officer,Stable,93,85,99,75,87
20,5th Semester,Business Studies,Beginner,Business Analyst,"Critical Thinking, SQL, Tableau, Agile/Scrum, Stakeholder Management",Business Analyst,High Demand,88,88,90,60,79
23,8th Semester,Psychology,None,Psychologist,"Active Listening, Mental Health Assessment, Research Methods, Ethics, Problem Solving, Empathy",Psychologist,High Demand,65,86,94,74,71
25,7th Semester,Engineering,Beginner,Aerospace Engineer,"Creativity, Critical Thinking, Aerodynamics, Avionics, Propulsion Systems, Structural Analysis",Aerospace Engineer,Emerging,89,75,90,79,74
18,10th,Psychology,None,UI/UX Designer,"Critical Thinking, Usability Testing, Creativity, Figma, Interaction Design",UI/UX Designer,High Demand,78,84,84,98,62
18,10th,Design,Intermediate,Graphic Designer,"Visual Identity, Branding, Communication, Layout Design, Creativity, Color Theory",Graphic Designer,Trending,81,71,77,99,54
25,7th Semester,Mathematics,Beginner,Software Developer,"Python, Critical Thinking, Git, Debugging, Java, Teamwork, Problem Solving, Object-Oriented Programming",Software Developer,High Demand,89,56,85,73,62
28,8th Semester,Finance,None,Financial Analyst,"Financial Statement Analysis, Ratio Analysis, Time Management, Excel, Python for Finance, Market Research, PowerBI",Financial Analyst,Trending,85,73,86,57,71
21,4th Semester,Computer Science,Intermediate,Data Scientist,"Tableau, Machine Learning, Adaptability, Statistics, R, Analytical Thinking",Data Scientist,High Demand,99,75,99,76,67
20,8th Semester,Computer Science,Intermediate,Entrepreneur,"Critical Thinking, Adaptability, Leadership, Risk Management, Sales & Marketing, Growth Strategy, Pitching & Fundraising",Entrepreneur,Emerging,77,92,96,91,90
27,Graduate,Computer Science,Beginner,Product Manager,"Cross-Functional Coordination, Time Management, Market Strategy, Roadmap Planning",Product Manager,Trending,83,91,92,84,94
28,Graduate,Computer Science,Advanced,Cybersecurity Analyst,"Linux, Firewalls, Ethical Hacking",Cybersecurity Analyst,High Demand,99,71,89,69,54
22,8th Semester,Mathematics,None,Investment Banker,"Capital Markets, Valuation, Excel, M&A Analysis",Investment Banker,High Demand,85,86,90,53,94
20,2nd Semester,Biology,None,Doctor,"Medical Ethics, Pharmacology, Clinical Diagnosis",Doctor,High Demand,88,89,93,65,79
21,8th Semester,Design,Advanced,Animator,"Motion Graphics, Character Animation, Problem Solving, 3D Modeling, Blender, Maya, Creativity, After Effects",Animator,Emerging,86,66,75,98,54
26,Postgraduate,Biology,Intermediate,Dentist,"Time Management, Manual Dexterity, Oral Surgery, Patient Communication, Dental Anatomy, Empathy",Dentist,Stable,88,86,88,71,75
27,8th Semester,Business Studies,None,Digital Marketer,"PPC Advertising, Social Media Marketing, SEM",Digital Marketer,High Demand,85,87,78,86,87
21,8th Semester,Artificial Intelligence,Advanced,Robotics Engineer,"Sensors & Actuators, Critical Thinking, Computer Vision, Mechatronics, Kinematics",Robotics Engineer,High Demand,96,73,95,90,65
18,12th,Engineering,Advanced,Teacher,"Aerodynamics, MATLAB, CAD Modeling, Avionics, Propulsion Systems, Structural Analysis",Aerospace Engineer,Emerging,98,64,96,64,63
19,Diploma,Education,None,Digital Marketer,"Decision Making, Governance, General Studies, Time Management, Leadership, Public Administration, Creativity",IAS Officer,Stable,70,86,85,71,99
25,Postgraduate,Mathematics,Advanced,Aerospace Engineer,"Adaptability, Flight Simulation, Avionics, Propulsion Systems, Structural Analysis",Aerospace Engineer,Emerging,99,67,92,67,67
21,2nd Semester,Biology,None,Psychologist,"Active Listening, Adaptability, Research Methods, Ethics, Counseling, Creativity",Psychologist,High Demand,65,82,89,75,71
24,8th Semester,Business Studies,Beginner,Digital Marketer,"Content Strategy, Social Media Marketing, Copywriting, PPC Advertising, SEO, Google Analytics",Digital Marketer,High Demand,75,88,84,84,83
18,12th,Computer Science,Advanced,DevOps Engineer,"Linux Bash, Infrastructure as Code, Monitoring, Cloud Security",DevOps Engineer,High Demand,99,55,92,52,71
19,4th Semester,Design,Intermediate,Mobile App Developer,"Git, REST APIs, Kotlin, Mobile Architecture, Flutter",Mobile App Developer,Trending,98,71,86,81,67
28,Graduate,Commerce,None,Entrepreneur,"Sales & Marketing, Pitching & Fundraising, Resilience, Risk Management",Entrepreneur,Emerging,68,90,87,92,99
19,Diploma,Physics,Beginner,Civil Engineer,"AutoCAD, Problem Solving, Adaptability, Project Planning, Surveying, Construction Management, Geotechnical Engineering, Structural Analysis",Civil Engineer,Stable,80,69,90,66,78
24,8th Semester,Biology,Beginner,Pharmacist,"Attention to Detail, Organic Chemistry, Pharmacology, Quality Control",Pharmacist,Stable,87,83,84,59,70
23,7th Semester,Mathematics,Beginner,Aerospace Engineer,"Aerodynamics, MATLAB, Adaptability, CAD Modeling, Flight Simulation, Propulsion Systems, Structural Analysis",Aerospace Engineer,Emerging,87,70,92,81,77
20,2nd Semester,Economics,None,IAS Officer,"Creativity, General Studies, Crisis Management, Public Administration, Teamwork, Public Communication",IAS Officer,Stable,75,79,89,67,99
20,4th Semester,Data Science,Intermediate,Data Scientist,"Python, Pandas, Data Visualization, Scikit-Learn, Tableau, Creativity, Analytical Thinking",Data Scientist,High Demand,99,70,94,80,69
22,7th Semester,Computer Science,Beginner,Software Developer,"Creativity, Problem Solving, Git, Java",Software Developer,High Demand,86,63,84,71,60
23,Postgraduate,Engineering,None,Pilot,"High Focus, Spatial Awareness, Teamwork, Problem Solving, Emergency Procedures",Pilot,Trending,82,76,89,59,92
28,8th Semester,Artificial Intelligence,Intermediate,Robotics Engineer,"Sensors & Actuators, Python, Computer Vision, Communication, Adaptability",Robotics Engineer,High Demand,98,64,93,80,66
26,7th Semester,Animation,Intermediate,Animator,"Character Animation, Texturing, Maya, Blender, Storyboarding, After Effects",Animator,Emerging,89,76,74,96,53
17,1st Semester,Engineering,Beginner,Software Developer,"Git, Data Structures, Adaptability, Debugging, Teamwork, Problem Solving, C++",Software Developer,High Demand,86,67,91,73,64
27,Graduate,Computer Science,Advanced,Product Manager,"Creativity, Roadmap Planning, Agile, Metrics & KPIs, Leadership, Cross-Functional Coordination, Problem Solving, Market Strategy",Product Manager,Trending,86,91,89,76,96
27,7th Semester,Biology,Beginner,Research Scientist,"Python, Critical Thinking, Adaptability, Laboratory Techniques, Statistics",Research Scientist,Stable,91,75,95,80,65
19,7th Semester,Physics,Advanced,Civil Engineer,"Creativity, AutoCAD, Adaptability, Project Planning, Surveying, Construction Management, Geotechnical Engineering",Civil Engineer,Stable,91,69,82,64,78
22,2nd Semester,Mathematics,None,Civil Engineer,"AutoCAD, Communication, Site Inspection, Project Planning, Construction Management, Structural Analysis",Civil Engineer,Stable,79,67,85,71,77
22,7th Semester,Cybersecurity,Expert,Civil Engineer,"Python, Linux, Critical Thinking, Penetration Testing, Wireshark, Cryptography",Cybersecurity Analyst,High Demand,98,75,86,64,62
27,7th Semester,Physics,Intermediate,Biomedical Engineer,"Python, Critical Thinking, Medical Devices, Adaptability, CAD Design, Biology, Biomechanics",Biomedical Engineer,Trending,83,61,85,81,77
26,8th Semester,Engineering,None,Product Designer,"Critical Thinking, Communication, Product Strategy, Iterative Design, Prototyping",Product Designer,High Demand,76,87,86,95,82
18,1st Semester,Design,None,Graphic Designer,"Layout Design, Branding, Illustrator, Typography",Graphic Designer,Trending,63,78,73,94,63
24,Graduate,Business Studies,Beginner,Business Analyst,"Process Mapping, SQL, Data Analytics, Business Strategy",Business Analyst,High Demand,89,89,87,66,89
26,Graduate,Physics,Advanced,Robotics Engineer,"Mechatronics, C++, Kinematics",Robotics Engineer,High Demand,99,65,99,77,68
23,7th Semester,Biology,Intermediate,Psychologist,"Cognitive Behavioral Therapy, Research Methods, Ethics",Psychologist,High Demand,84,90,90,72,74
20,7th Semester,Mathematics,None,Mobile App Developer,"High Focus, Spatial Awareness, Adaptability, Meteorology, Teamwork, Emergency Procedures",Pilot,Trending,85,91,97,59,78
22,7th Semester,Engineering,Advanced,Pilot,"Aircraft Systems, Spatial Awareness, Adaptability, Meteorology, Radio Communication, Flight Navigation",Pilot,Trending,88,88,94,64,79
28,Postgraduate,Computer Science,Intermediate,Robotics Engineer,"Sensors & Actuators, Python, Kinematics",Robotics Engineer,High Demand,99,71,90,74,75
27,7th Semester,Computer Science,Intermediate,Cloud Engineer,"Networking, Terraform, Docker, System Architecture, CI/CD",Cloud Engineer,High Demand,88,70,83,63,63
25,Graduate,Biology,Beginner,Psychologist,"Active Listening, Mental Health Assessment, Research Methods, Counseling, Cognitive Behavioral Therapy, Empathy",Psychologist,High Demand,67,94,79,82,78
24,7th Semester,Psychology,None,Lawyer,"Public Speaking, Constitutional Law, Courtroom Advocacy",Lawyer,Stable,69,98,95,74,93
26,Postgraduate,Engineering,Intermediate,Aerospace Engineer,"Aerodynamics, CAD Modeling, Flight Simulation, Avionics, Structural Analysis",Aerospace Engineer,Emerging,95,66,90,82,61
22,8th Semester,Chemistry,None,Pharmacist,"Patient Counseling, Attention to Detail, Dosage Calculation, Drug Interactions, Pharmacology, Organic Chemistry",Pharmacist,Stable,78,69,84,55,62
27,Postgraduate,Psychology,None,Journalist,"Critical Thinking, News Writing, Adaptability, Investigative Reporting, Interviewing",Journalist,Stable,64,94,92,85,67
22,3rd Semester,Business Studies,None,Digital Marketer,"Content Strategy, Copywriting, Google Analytics",Digital Marketer,High Demand,75,88,80,96,73
19,6th Semester,Psychology,None,Lawyer,"Contract Drafting, Public Speaking, Legal Research, Teamwork, Problem Solving",Lawyer,Stable,70,99,90,74,74
21,4th Semester,Economics,Advanced,AI Engineer,"Process Mapping, Requirements Gathering, Communication, SQL",Business Analyst,High Demand,91,84,88,70,85
27,7th Semester,Physics,Intermediate,Astrophysicist,"Python, Cosmology, Quantum Mechanics, Calculus, Astrophysics",Astrophysicist,Emerging,95,72,89,73,65
26,7th Semester,Design,None,Graphic Designer,"Typography, Branding, Photoshop, Creativity",Graphic Designer,Trending,75,72,71,99,66
21,Diploma,Animation,Beginner,Graphic Designer,"Visual Identity, Branding, Photoshop, Time Management, Illustrator, Creativity, Color Theory",Graphic Designer,Trending,72,77,75,94,60
26,8th Semester,Biology,Beginner,Doctor,"Critical Thinking, Pharmacology, Medical Ethics, Emergency Response, Teamwork, Anatomy, Empathy",Doctor,High Demand,89,94,94,60,73
18,12th,Economics,None,Financial Analyst,"Ratio Analysis, PowerBI, Forecasting, Excel",Financial Analyst,Trending,88,79,99,57,76
23,Graduate,Physics,Intermediate,Financial Analyst,"Signal Processing, Circuit Design, MATLAB, Adaptability, Teamwork, Embedded Systems, Power Systems",Electrical Engineer,High Demand,90,57,94,62,75
27,7th Semester,Mathematics,None,Financial Analyst,"Financial Statement Analysis, Forecasting, Python for Finance, Market Research, PowerBI",Financial Analyst,Trending,78,72,83,56,64
24,8th Semester,Economics,None,Investment Banker,"Capital Markets, Valuation, Excel, M&A Analysis",Investment Banker,High Demand,85,87,95,63,80
21,3rd Semester,Biology,Intermediate,Teacher,"Critical Thinking, Lesson Planning, Child Psychology, Problem Solving, Empathy",Teacher,Stable,81,88,77,77,85
17,1st Semester,Economics,Intermediate,Product Manager,"Roadmap Planning, Agile, Metrics & KPIs, Product Vision, User Research",Product Manager,Trending,86,96,87,83,95
19,6th Semester,Mathematics,Beginner,Software Developer,"Critical Thinking, Data Structures, Java, Teamwork, Object-Oriented Programming",Software Developer,High Demand,87,66,95,63,61
28,8th Semester,Commerce,None,Investment Banker,"Capital Markets, Pitch Decks, Valuation, Excel",Investment Banker,High Demand,89,92,90,58,77
23,Graduate,Artificial Intelligence,Advanced,Software Developer,"Deep Learning, PyTorch, CUDA, NLP",AI Engineer,High Demand,95,75,75,75,75
